-- =============================================================================
-- SMALLTREND GROCERY STORE DATABASE - Comprehensive Combined Sample Data
-- =============================================================================
-- Password for all users: password
-- Hashed: $2a$10$dXJ3SW6G7P50lGmMkkmwe.20cQQubK3.HZWzG3YB1tlRy.fqvM/BG
-- =============================================================================

-- JPA/Hibernate là nguồn chân lý schema.
-- File này chỉ dùng để seed dữ liệu mẫu (idempotent).

SET FOREIGN_KEY_CHECKS = 0;

TRUNCATE TABLE sale_order_histories;
TRUNCATE TABLE sale_order_items;
TRUNCATE TABLE sale_orders;
TRUNCATE TABLE loyalty_transactions;
TRUNCATE TABLE coupon_usage;
TRUNCATE TABLE cash_transactions;
TRUNCATE TABLE shift_handovers;
TRUNCATE TABLE shift_swap_requests;
TRUNCATE TABLE stock_movements;
TRUNCATE TABLE payroll_calculations;
TRUNCATE TABLE salary_configs;
TRUNCATE TABLE attendance;
TRUNCATE TABLE user_credentials;
TRUNCATE TABLE tickets;
TRUNCATE TABLE reports;
TRUNCATE TABLE audit_logs;
TRUNCATE TABLE cash_registers;
TRUNCATE TABLE purchase_order_items;
TRUNCATE TABLE purchase_orders;
TRUNCATE TABLE product_combo_items;
TRUNCATE TABLE product_combos;
TRUNCATE TABLE coupons;
TRUNCATE TABLE campaigns;
TRUNCATE TABLE work_shift_assignments;
TRUNCATE TABLE work_shifts;
TRUNCATE TABLE inventory_count_items;
TRUNCATE TABLE inventory_counts;
TRUNCATE TABLE disposal_voucher_items;
TRUNCATE TABLE disposal_vouchers;
TRUNCATE TABLE inventory_stock;
TRUNCATE TABLE product_batches;
TRUNCATE TABLE locations;
TRUNCATE TABLE variant_prices;
TRUNCATE TABLE price_expiry_alert_logs;
TRUNCATE TABLE variant_attributes;
TRUNCATE TABLE product_variants;
TRUNCATE TABLE gift_redemption_history;
TRUNCATE TABLE loyalty_gifts;
TRUNCATE TABLE purchase_history;
TRUNCATE TABLE unit_conversions;
TRUNCATE TABLE units;
TRUNCATE TABLE products;
TRUNCATE TABLE customers;
TRUNCATE TABLE customer_tiers;
TRUNCATE TABLE users;
TRUNCATE TABLE role_permissions;
TRUNCATE TABLE permissions;
TRUNCATE TABLE roles;
TRUNCATE TABLE tax_rates;
TRUNCATE TABLE supplier_contracts;
TRUNCATE TABLE suppliers;
TRUNCATE TABLE categories;
TRUNCATE TABLE brands;
TRUNCATE TABLE advertisements;

SET FOREIGN_KEY_CHECKS = 1;

-- 1. SUPPLIERS
INSERT INTO `suppliers` (`id`,`active`,`address`,`contact_person`,`contract_expiry`,`contract_files`,`contract_signed_date`,`created_at`,`email`,`name`,`notes`,`phone`,`tax_code`,`updated_at`) VALUES (1,0,'10 Tan Trao, District 7, Ho Chi Minh City, Vietnam','Nguyen Van A','2025-01-15',NULL,'2023-01-15',NULL,'sales@vinamilk.com.vn','Vinamilk Distribution','Main dairy supplier','1800-1199','0100170098',NULL),(2,0,'15 Le Duan Blvd, District 1, Ho Chi Minh City, Vietnam','Tran Thi B','2025-03-01',NULL,'2023-03-01',NULL,'contact@unilever.com.vn','Unilever Vietnam','Personal care and household products','1800-5588','0300491828',NULL),(3,0,'The Vista Building, Hanoi Highway, Ho Chi Minh City, Vietnam','Le Van C','2025-06-01',NULL,'2023-06-01',NULL,'info@nestle.com.vn','Nestle Vietnam','Food and beverage supplier','1900-6011','0302127854',NULL),(4,0,'124 Kim Ma Street, Ba Dinh, Hanoi, Vietnam','Pham Thi D','2025-07-01',NULL,'2023-07-01',NULL,'vietnam@cocacola.com','Coca-Cola Vietnam','Soft drinks supplier','1900-0180','0300693409',NULL),(5,0,'39 Le Duan, District 1, Ho Chi Minh City, Vietnam','Le Van M','2025-08-01',NULL,'2023-08-01',NULL,'contact@masan.com.vn','Masan Consumer','Consumer goods supplier','1800-9090','0302017440',NULL),(6,0,'1 Bach Dang, Tan Binh District, Ho Chi Minh City, Vietnam','Tran Van H','2025-10-01',NULL,'2023-10-01',NULL,'sales@heineken.com.vn','Heineken Vietnam','Beer and beverages supplier','1900-1111','0300847056',NULL),(7,0,'138 Hai Ba Trung, District 1, Ho Chi Minh City, Vietnam','Bui Van K','2025-05-01',NULL,'2023-05-01',NULL,'info@kido.vn','KIDO Group (Tuong An)','Edible oils and foods','1800-6688','0302266881',NULL),(8,0,'182 Le Dai Hanh, District 11, Ho Chi Minh City, Vietnam','Nguyen Van P','2025-04-01',NULL,'2023-04-01',NULL,'contact@pepsico.com.vn','PepsiCo Vietnam','Soft drinks and snacks','1900-1220','0300811445',NULL),(9,0,'Thai Hoa Town, Nghe An Province, Vietnam','Tran Thi T','2025-02-01',NULL,'2023-02-01',NULL,'sales@thmilk.vn','TH Milk Distribution','Dairy supplier','1800-545440','2900326335',NULL),(10,0,'Tan Binh Industrial Park, Ho Chi Minh City, Vietnam','Le Van AC','2025-05-01',NULL,'2023-05-01',NULL,'info@acecookvietnam.vn','Acecook Vietnam','Instant noodle supplier','1900-0120','0300808680',NULL),(11,0,'Tan Binh District, Ho Chi Minh City, Vietnam','Pham Van V','2025-05-10',NULL,'2023-05-10',NULL,'info@vifon.com.vn','Vifon Vietnam','Instant noodles and pho','028-3815-4364','0300391837',NULL),(12,0,'My Phuoc Industrial Park, Binh Duong, Vietnam','Kim Orion','2025-04-01',NULL,'2023-04-01',NULL,'contact@orion.vn','Orion Food Vina','Snack supplier','0274-355-0166','3700381324',NULL),(13,0,'VSIP Industrial Park, Binh Duong, Vietnam','Nguyen Van O','2025-04-15',NULL,'2023-04-15',NULL,'sales@oishi.vn','Oishi Vietnam','Snack foods','0274-378-4088','0302752277',NULL),(14,0,'Vinh Loc Industrial Park, Binh Chanh, Ho Chi Minh City, Vietnam','Tran Thi C','2025-03-15',NULL,'2023-03-15',NULL,'info@cholimexfood.com.vn','Cholimex Food','Sauces and condiments','028-3765-2101','0304475742',NULL),(15,0,'Bien Hoa Industrial Zone, Dong Nai, Vietnam','Somchai CP','2025-06-01',NULL,'2023-06-01',NULL,'info@cp.com.vn','CP Vietnam Corporation','Meat and food products','0251-3836-501','3600235308',NULL),(16,0,'VSIP Industrial Park, Binh Duong, Vietnam','Marco Perfetti','2025-06-10',NULL,'2023-06-10',NULL,'info.vn@perfettivanmelle.com','Perfetti Van Melle Vietnam Co., Ltd','Confectionery supplier (Chupa Chups, Alpenliebe, Mentos)','0274-376-8586','0300588569',NULL),(17,0,'913 Truong Chinh Street, Tan Phu District, Ho Chi Minh City, Vietnam','Nguyen Bich Lam','2025-06-10',NULL,'2023-06-10',NULL,'info@vifon.com.vn','Vifon Joint Stock Company','Instant food supplier (Pho, noodles, vermicelli)','028-3815-4368','0300391836',NULL);

-- 2. BRANDS & CATEGORIES
INSERT INTO `categories` (`id`,`code`,`name`,`description`,`created_at`,`updated_at`) VALUES (1,'BEVERAGE','Đồ uống','Các loại nước uống, giải khát','2026-03-18 01:40:08.835126','2026-03-18 01:40:08.835126'),(2,'DAIRY','Sữa & Sản phẩm từ sữa','Sữa, sữa chua, sữa đặc','2026-03-18 01:40:08.835126','2026-03-18 01:40:08.835126'),(3,'PERSONAL_CARE','Chăm sóc cá nhân','Sản phẩm vệ sinh cá nhân','2026-03-18 01:40:08.835126','2026-03-18 01:40:08.835126'),(4,'HOUSEHOLD','Đồ dùng gia đình','Sản phẩm dùng trong gia đình','2026-03-18 01:40:08.835126','2026-03-18 01:40:08.835126'),(5,'SNACK','Bánh kẹo ăn vặt','Snack, bánh kẹo','2026-03-18 01:40:08.835126','2026-03-18 01:40:08.835126'),(6,'HEALTHCARE','Chăm sóc sức khỏe','Sản phẩm chăm sóc sức khỏe','2026-03-18 01:40:08.835126','2026-03-18 01:40:08.835126'),(7,'CANNED_FOOD','Đồ hộp','Thực phẩm đóng hộp','2026-03-18 01:40:08.835126','2026-03-18 01:40:08.835126'),(8,'BAKERY','Bánh ngọt','Bánh ngọt, bánh mì','2026-03-18 01:40:08.835126','2026-03-18 01:40:08.835126'),(9,'MEAT_SEAFOOD','Thịt & Hải sản','Thịt, cá, hải sản','2026-03-18 01:40:08.835126','2026-03-18 01:40:08.835126'),(10,'CONDIMENT','Gia vị & Nước chấm','Gia vị, nước mắm, nước tương','2026-03-18 01:40:08.835126','2026-03-18 01:40:08.835126'),(11,'INSTANT_FOOD','Mì ăn liền','Mì, phở, hủ tiếu ăn liền','2026-03-18 01:40:08.835126','2026-03-18 01:40:08.835126');


INSERT INTO `brands` VALUES (1,'Việt Nam','2026-03-18 01:40:08.841821','Sản phẩm sữa','Vinamilk','2026-03-18 01:40:08.841821',2,1),(2,'Thuỵ Sĩ','2026-03-18 01:40:08.841821','Thực phẩm và đồ uống','Nestle','2026-03-18 01:40:08.841821',NULL,3),(3,'Hoa Kỳ','2026-03-18 01:40:08.841821','Nước giải khát','Coca-Cola','2026-03-18 01:40:08.841821',1,4),(4,'Hoa Kỳ','2026-03-18 01:40:08.841821','Hàng tiêu dùng','P&G','2026-03-18 01:40:08.841821',NULL,2),(5,'Việt Nam','2026-03-18 01:40:08.841821','Bánh kẹo','Kinh Do','2026-03-18 01:40:08.841821',5,7),(6,'Philippines','2026-03-18 01:40:08.841821','Snack ăn vặt','Oishi','2026-03-18 01:40:08.841821',5,13),(7,'Việt Nam','2026-03-18 01:40:08.841821','Gia vị và nước chấm','Cholimex','2026-03-18 01:40:08.841821',10,14),(8,'Thái Lan','2026-03-18 01:40:08.841821','Thực phẩm thịt','CP','2026-03-18 01:40:08.841821',9,15),(9,'Việt Nam','2026-03-18 01:40:08.841821','Thịt chế biến','Vissan','2026-03-18 01:40:08.841821',9,15),(10,'Hàn Quốc','2026-03-18 01:40:08.841821','Bánh kẹo','Orion','2026-03-18 01:40:08.841821',5,12),(11,'Tây Ban Nha','2026-03-18 01:40:08.841821','Kẹo','Chupa Chups','2026-03-18 01:40:08.841821',5,16),(12,'Việt Nam','2026-03-18 01:40:08.841821','Mì/phở ăn liền','Vifon','2026-03-18 01:40:08.841821',11,11),(13,'Nhật Bản','2026-03-18 01:40:08.841821','Mì ăn liền','Acecook','2026-03-18 01:40:08.841821',11,10),(14,'Việt Nam','2026-03-18 01:40:08.841821','Hàng tiêu dùng','Masan','2026-03-18 01:40:08.841821',10,5),(15,'Việt Nam','2026-03-18 01:40:08.841821','Sữa','TH True Milk','2026-03-18 01:40:08.841821',2,9),(16,'Hoa Kỳ','2026-03-18 01:40:08.841821','Nước uống & snack','Pepsico','2026-03-18 01:40:08.841821',1,8),(17,'Thụy Sĩ','2026-03-18 01:40:08.841821','Gia vị','Maggi','2026-03-18 01:40:08.841821',10,3),(18,'Vương Quốc Anh','2026-03-18 01:40:08.841821','Chăm sóc cá nhân','Dove','2026-03-18 01:40:08.841821',3,2),(19,'Đức','2026-03-18 01:40:08.841821','Gia vị','Knorr','2026-03-18 01:40:08.841821',10,2),(20,'Vương Quốc Anh','2026-03-18 01:40:08.841821','Chăm sóc cá nhân','Lifebuoy','2026-03-18 01:40:08.841821',3,2),(21,'Vương Quốc Anh','2026-03-18 01:40:08.841821','Giặt tẩy','OMO','2026-03-18 01:40:08.841821',4,2),(22,'Vương Quốc Anh','2026-03-18 01:40:08.841821','Chăm sóc tóc','Sunsilk','2026-03-18 01:40:08.841821',3,2),(23,'Hà Lan','2026-03-18 01:40:08.841821','Bia','Heineken','2026-03-18 01:40:08.841821',1,6),(24,'Singapore','2026-03-18 01:40:08.841821','Bia','Tiger','2026-03-18 01:40:08.841821',1,6),(25,'Việt Nam','2026-03-18 01:40:08.841821','Dầu ăn','Tường An','2026-03-18 01:40:08.841821',10,7);

-- 2.1 SUPPLIER CONTRACTS
INSERT INTO `supplier_contracts` VALUES (1,'SC-VM-2026-001','2026-03-18 01:40:08.000000','VND','Giao hàng theo lịch tuần','Hợp đồng cung ứng sữa và chế phẩm sữa cho toàn hệ thống cửa hàng','2026-12-31','Ưu tiên giao hàng dịp cao điểm lá»… tết','Thanh toán 30 ngày kể từ ngày nhận hóa đơn','Tran Thi Manager','Nguyen Van A','2025-12-20','2026-01-01','ACTIVE','Hợp đồng phân phối sữa Vinamilk 2026',1200000000.00,'2026-03-18 01:40:08.000000',1),(2,'SC-UL-2026-001','2026-03-18 01:40:08.000000','VND','Giao hàng trong 48h sau PO','Hợp đồng cung ứng nhóm sản phẩm chăm sóc cá nhân và gia dụng','2026-12-31','Cam kết đổi trả lô lỗi trong 7 ngày','Thanh toán theo từng lô, tối đa 21 ngày','Tran Thi Manager','Tran Thi B','2026-01-10','2026-01-15','ACTIVE','Hợp đồng đồ gia dụng Unilever 2026',800000000.00,'2026-03-18 01:40:08.000000',2);

-- 3. TAX RATES
INSERT INTO `tax_rates` VALUES (1,0,'VAT Standard',10.00),(2,0,'VAT Reduced',5.00),(3,0,'No Tax',0.00);

-- 4. ROLES & PERMISSIONS
INSERT INTO `roles` VALUES (1,'System Administrator','ADMIN'),(2,'Store Manager','MANAGER'),(3,'Cashier Staff','CASHIER'),(4,'Inventory Staff','INVENTORY_STAFF'),(5,'Sales Staff','SALES_STAFF');

INSERT INTO `permissions` VALUES (1,'User Management','USER_MANAGEMENT'),(2,'Product Management','PRODUCT_MANAGEMENT'),(3,'Inventory Management','INVENTORY_MANAGEMENT'),(4,'Sales Processing','SALES_PROCESSING'),(5,'Report Viewing','REPORT_VIEWING'),(6,'Admin Access','ADMIN_ACCESS');

INSERT INTO `role_permissions` VALUES (1,1,1),(2,2,1),(3,3,1),(4,4,1),(5,5,1),(6,6,1),(7,1,2),(8,2,2),(9,3,2),(10,4,2),(11,5,2),(12,4,3),(13,2,4),(14,3,4),(15,2,5),(16,4,5);

-- 5. USERS (Employee list with diverse roles and work patterns)
INSERT INTO `users` (`id`,`active`,`address`,`created_at`,`email`,`full_name`,`password`,`phone`,`status`,`updated_at`,`username`,`role_id`,`avatar_url`,`base_salary`,`count_late_as_present`,`hourly_rate`,`min_required_shifts`,`salary_type`,`working_hours_per_month`) VALUES (1,1,'123 Nguyen Hue, HCMC','2026-03-18 01:40:08.000000','admin@smalltrend.com','Nguyen Van Admin','$2a$10$dXJ3SW6G7P50lGmMkkmwe.20cQQubK3.HZWzG3YB1tlRy.fqvM/BG','0901234567','ACTIVE','2026-03-18 01:40:08.000000','admin',1,'https://i.pravatar.cc/150?img=12',30000000.00,0,NULL,NULL,'MONTHLY',208.00),(2,1,'456 Le Loi, HCMC','2026-03-18 01:40:08.000000','manager@smalltrend.com','Tran Thi Manager','$2a$10$dXJ3SW6G7P50lGmMkkmwe.20cQQubK3.HZWzG3YB1tlRy.fqvM/BG','0912345678','ACTIVE','2026-03-19 17:52:22.933689','manager',2,'https://res.cloudinary.com/didvvefmu/image/upload/v1773942746/smalltrend/avatars/pqsiai7remow3cpxfx3d.jpg',18000000.00,0,NULL,NULL,'MONTHLY',208.00),(3,1,'789 Dien Bien Phu, HCMC','2026-03-18 01:40:08.000000','cashier1@smalltrend.com','Le Van Cashier','$2a$10$dXJ3SW6G7P50lGmMkkmwe.20cQQubK3.HZWzG3YB1tlRy.fqvM/BG','0923456789','ACTIVE','2026-03-18 01:40:08.000000','cashier1',3,'https://i.pravatar.cc/150?img=15',13500000.00,0,75000.00,NULL,'HOURLY',208.00),(4,1,'321 Ba Trieu, HCMC','2026-03-18 01:40:08.000000','cashier2@smalltrend.com','Vo Thi Cashier 2','$2a$10$dXJ3SW6G7P50lGmMkkmwe.20cQQubK3.HZWzG3YB1tlRy.fqvM/BG','0968765432','ACTIVE','2026-03-18 01:40:08.000000','cashier2',3,'https://i.pravatar.cc/150?img=47',13200000.00,0,72000.00,NULL,'HOURLY',208.00),(5,1,'12 Nguyen Trai, HCMC','2026-03-18 01:40:08.000000','inventory@smalltrend.com','Pham Van Inventory','$2a$10$dXJ3SW6G7P50lGmMkkmwe.20cQQubK3.HZWzG3YB1tlRy.fqvM/BG','0934567890','ACTIVE','2026-03-18 01:40:08.000000','inventory1',4,'https://i.pravatar.cc/150?img=25',13000000.00,0,NULL,NULL,'MONTHLY',208.00),(6,1,'90 Pasteur, HCMC','2026-03-18 01:40:08.000000','sales@smalltrend.com','Hoang Thi Sales','$2a$10$dXJ3SW6G7P50lGmMkkmwe.20cQQubK3.HZWzG3YB1tlRy.fqvM/BG','0945678901','ACTIVE','2026-03-18 01:40:08.000000','sales1',5,'https://i.pravatar.cc/150?img=41',12600000.00,0,70000.00,NULL,'HOURLY',208.00),(7,1,'45 Hai Ba Trung, HCMC','2026-03-18 01:40:08.000000','sales2@smalltrend.com','Nguyen Van Sales 2','$2a$10$dXJ3SW6G7P50lGmMkkmwe.20cQQubK3.HZWzG3YB1tlRy.fqvM/BG','0987654012','ACTIVE','2026-03-18 01:40:08.000000','sales2',5,'https://i.pravatar.cc/150?img=6',12500000.00,0,NULL,20,'MONTHLY_MIN_SHIFTS',208.00),(8,1,'120 Yên Lãng, Đống Đa, Hà Nội','2026-03-19 14:24:14.936732','kiennguyen21005@gmail.com','Nguyễn Xuân Kiên','$2a$10$4eO2jrzTRQmOTW/iSlECv.99/YUjwzsVWIeIViQdjQw0YwEp7ZKNi','0842561752','ACTIVE','2026-03-19 14:24:14.936732','kien',2,NULL,NULL,0,NULL,NULL,'MONTHLY',208.00),(9,1,'Lào Cai','2026-03-19 14:25:32.081856','hung@gmail.com','Nguyễn Quốc Hưng','$2a$10$KT2Gw8KbGyljHUIo18ebeebchc8PjJyjfnJNRf2PnDXtV3rqFXjv2','0977869300','ACTIVE','2026-03-19 14:25:32.081856','hung',2,NULL,NULL,0,NULL,NULL,'MONTHLY',208.00);

-- 6. CUSTOMER TIERS
INSERT INTO `customer_tiers` (`id`,`tier_code`,`tier_name`,`min_spending`,`points_multiplier`,`bonus_points`,`color`,`icon_url`,`free_shipping`,`priority_support`,`early_access`,`birthday_bonus`,`birthday_bonus_points`,`expiry_months`,`benefits`,`priority`,`is_active`,`description`,`created_at`,`updated_at`) VALUES
(1,'BRONZE','Đồng',0.00,1.00,NULL,'#CD7F32',NULL,NULL,NULL,NULL,NULL,NULL,NULL,NULL,1,0,NULL,NULL,NULL),
(2,'SILVER','Bạc',5000000.00,1.50,NULL,'#C0C0C0',NULL,NULL,NULL,NULL,NULL,NULL,NULL,NULL,2,0,NULL,NULL,'2026-03-19 15:33:09.341890'),
(3,'GOLD','Vàng',15000000.00,2.00,NULL,'#FFD700',NULL,NULL,NULL,NULL,NULL,NULL,NULL,NULL,3,0,NULL,NULL,NULL),
(4,'PLATINUM','Bạch Kim',50000000.00,3.00,NULL,'#E5E4E2',NULL,NULL,NULL,NULL,NULL,NULL,NULL,NULL,4,0,NULL,NULL,NULL);

-- 7. CUSTOMERS
INSERT INTO `customers` (`id`,`loyalty_points`,`name`,`phone`,`spent_amount`) VALUES (1,150,'Nguyen Van A','0987654321',1200000),(2,800,'Tran Thi B','0976543210',6200000),(3,2000,'Le Van C','0965432109',18000000),(4,3382,'Pham Thi D','0954321098',56340200),(7,4,'Huy','0961390486',48000),(9,0,'s','09999999999',0),(10,0,'Ko','0961390487',0),(11,0,'Huy','0961390488',0),(12,0,'Huy','0123456789',0),(13,0,'Tú','09612345688',0);

-- 8. PRODUCTS
INSERT INTO `products` VALUES (1,'2026-03-18 01:40:08.905784','Vinamilk Fresh Milk','https://res.cloudinary.com/didvvefmu/image/upload/v1773772847/smalltrend/user-avatars/kk2k6wrcth9zjgpywmqa.png',1,'Sữa dinh dưỡng Vinamilk','2026-03-19 16:12:45.102749',1,2,2),(2,'2026-03-18 01:40:08.905784','Dove Beauty Bar','https://res.cloudinary.com/didvvefmu/image/upload/v1773772999/smalltrend/user-avatars/tftx9cld5vsqwbnz6fjc.jpg',1,'Xà Phòng Dove','2026-03-17 18:43:17.100845',4,3,1),(3,'2026-03-18 01:40:08.905784','Instant Coffee 20g x 10','https://res.cloudinary.com/didvvefmu/image/upload/v1773773536/smalltrend/user-avatars/wfg6djw0jvx1yyfep3jy.webp',1,'Cà phê Nescafe 3in1','2026-03-17 18:52:14.891507',2,1,1),(4,'2026-03-18 01:40:08.905784','Coca Cola Classic','https://res.cloudinary.com/didvvefmu/image/upload/v1773778429/smalltrend/user-avatars/c0bmdhxmorkjytxyaupj.jpg',1,'Nước ngọt Coca Cola','2026-03-17 20:13:47.164098',3,1,1),(5,'2026-03-18 01:40:08.905784','Potato Chips ','https://res.cloudinary.com/didvvefmu/image/upload/v1773776096/smalltrend/user-avatars/zodjdb1zjfyv5adn5sku.webp',1,'Bánh snack Oishi','2026-03-17 19:34:59.859986',6,5,1),(6,'2026-03-18 01:40:08.905784','Tương ớt chua cay ','https://res.cloudinary.com/didvvefmu/image/upload/v1773776784/smalltrend/user-avatars/e23icn5gbhnp8m0jmfur.jpg',1,'Tương ớt Cholimex','2026-03-17 19:46:22.345976',7,10,1),(7,'2026-03-18 01:40:08.905784','Xúc xích Vườn Hồng ','https://res.cloudinary.com/didvvefmu/image/upload/v1773777092/smalltrend/user-avatars/g7hw4axoeegxq8hp0plp.jpg',1,'Xúc xích CP','2026-03-17 19:52:43.982585',8,9,1),(8,'2026-03-18 01:40:08.905784','Thịt heo hầm ','https://res.cloudinary.com/didvvefmu/image/upload/v1773777262/smalltrend/user-avatars/h2jmpqvfiwqjvxtmnx1k.webp',1,'Đồ hộp Vissan','2026-03-17 19:54:20.346698',9,7,1),(9,'2026-03-18 01:40:08.905784','Bánh chocopie Orion hộp 12 cái','https://res.cloudinary.com/didvvefmu/image/upload/v1773777545/smalltrend/user-avatars/wcgojffzprveex1dx0tn.png',1,'Bánh Chocopie','2026-03-17 19:59:03.273214',10,8,1),(10,'2026-03-18 01:40:08.905784','Kẹo mút hương trái cây','https://res.cloudinary.com/didvvefmu/image/upload/v1773909949/smalltrend/user-avatars/nfuimxb1hzqxjgabqswt.webp',1,'Kẹo mút Chupa Chups','2026-03-19 08:45:46.881999',11,5,1),(11,'2026-03-18 01:40:08.905784','Phở các loại ','https://res.cloudinary.com/didvvefmu/image/upload/v1773910263/smalltrend/user-avatars/inttsrqtpwgdo4pxdsdf.webp',1,'Phở gói Vifon','2026-03-19 08:50:59.612510',14,11,1),(12,'2026-03-18 01:40:08.905784','Mì tôm chua cay ','https://res.cloudinary.com/didvvefmu/image/upload/v1773910371/smalltrend/user-avatars/gzfznjse9r1ew2vozgrm.jpg',1,'Mì Hảo Hảo','2026-03-19 08:52:48.747456',13,11,1),(13,'2026-03-18 01:40:08.905784','Mì khoai tây sườn hầm ','https://res.cloudinary.com/didvvefmu/image/upload/v1773911223/smalltrend/user-avatars/aya3hodi8cjxt0hj0bhd.webp',1,'Mì Omachi','2026-03-19 09:07:00.486156',14,11,1),(14,'2026-03-18 01:40:08.905784','Nước tương tỏi ớt ','https://res.cloudinary.com/didvvefmu/image/upload/v1773911355/smalltrend/user-avatars/fdqcfjy84csx9eazmvmn.webp',1,'Nước tương Chin-su','2026-03-19 09:09:12.272199',14,10,1),(15,'2026-03-18 01:40:08.905784','Sữa chua nha đam ','https://res.cloudinary.com/didvvefmu/image/upload/v1773911512/smalltrend/user-avatars/hsaspcpfl2lfzcvkvnat.webp',1,'Sữa chua TH True Milk','2026-03-19 09:11:48.821013',15,2,2),(16,'2026-03-18 01:40:08.905784','Sữa tươi ít đường ','https://res.cloudinary.com/didvvefmu/image/upload/v1773911825/smalltrend/user-avatars/hrtum3zrjb6rifilyqz4.png',1,'Sữa tươi TH True Milk','2026-03-19 09:17:02.904303',15,2,2),(17,'2026-03-18 01:40:08.905784','Snack khoai tây tự nhiên ','https://res.cloudinary.com/didvvefmu/image/upload/v1773911989/smalltrend/user-avatars/yhfdrccc0brzy9zxske0.png',1,'Snack Lays','2026-03-19 09:19:45.977722',17,5,1),(18,'2026-03-18 01:40:08.905784','Trà Ô Long giảm béo ','https://res.cloudinary.com/didvvefmu/image/upload/v1773912183/smalltrend/user-avatars/cxskvciux7syhbch9o4j.jpg',1,'Trà Ô Long TEA+ Plus','2026-03-19 09:23:00.694221',17,1,1),(19,'2026-03-18 01:40:08.905784','Hạt nêm thịt thăn xương ống ','https://res.cloudinary.com/didvvefmu/image/upload/v1773912417/smalltrend/user-avatars/qlnrrvcapjfn068ujuxu.png',1,'Hạt nêm Knorr','2026-03-19 09:26:53.805754',19,10,1),(20,'2026-03-18 01:40:08.905784','Dầu hào tự nhiên nấm hương ','https://res.cloudinary.com/didvvefmu/image/upload/v1773912775/smalltrend/user-avatars/z4rxm2iecy2e4ol6qy2j.webp',1,'Dầu hào Maggi','2026-03-19 09:32:51.526885',19,10,1),(21,'2026-03-18 01:40:08.905784','Bia Heineken Silver lon ','https://res.cloudinary.com/didvvefmu/image/upload/v1773912972/smalltrend/user-avatars/ryqebth5xfpn7vvyjt5c.webp',1,'Bia Heineken Silver','2026-03-19 09:36:09.165091',23,1,1),(22,'2026-03-18 01:40:08.905784','Bia Tiger Crystal lon ','https://res.cloudinary.com/didvvefmu/image/upload/v1773913094/smalltrend/user-avatars/csy3ylvsmjvyxiguwre4.jpg',1,'Bia Tiger Bạc','2026-03-19 09:38:11.944943',24,1,1),(23,'2026-03-18 01:40:08.905784','Nước mắm Nam Ngư chai ','https://res.cloudinary.com/didvvefmu/image/upload/v1773913155/smalltrend/user-avatars/xheglrtrqj4ckymxilex.png',1,'Nước mắm Nam Ngư','2026-03-19 09:39:11.885935',14,10,1),(24,'2026-03-18 01:40:08.905784','Sữa đặc có đường Ông Thọ đỏ lon ','https://res.cloudinary.com/didvvefmu/image/upload/v1773913190/smalltrend/user-avatars/ouu72al6cipvjlrdnxfv.png',1,'Sữa đặc Ông Thọ','2026-03-19 09:39:46.628476',1,2,2),(25,'2026-03-18 01:40:08.905784','Dầu ăn thực vật Tường An chai','https://res.cloudinary.com/didvvefmu/image/upload/v1773913261/smalltrend/user-avatars/k09c80gyjlchnftkcr26.png',1,'Dầu ăn Tường An','2026-03-19 09:40:57.807293',25,10,1),(26,'2026-03-18 01:40:08.905784','Bột giặt OMO hệ bọt thông minh ','https://res.cloudinary.com/didvvefmu/image/upload/v1773913287/smalltrend/user-avatars/eo6hjpnfxm6ayqe5xmx2.jpg',1,'Bột giặt OMO','2026-03-19 09:41:24.379170',21,4,1);

-- 8.1 UNITS
INSERT INTO `units` VALUES (1,'HOP',NULL,NULL,'SOLID','Hộp','hộp'),(2,'LOC',NULL,NULL,'SOLID','Lốc','lốc'),(3,'THUNG',NULL,NULL,'SOLID','Thùng','thùng'),(4,'GOI',NULL,NULL,'SOLID','Gói','gói'),(5,'CAI',NULL,NULL,'SOLID','Cái','cái'),(6,'LON',NULL,NULL,'SOLID','Lon','lon'),(7,'CHAI',NULL,NULL,'SOLID','Chai','chai'),(8,'BICH',NULL,NULL,'SOLID','Bịch','bich');

-- 9. PRODUCT VARIANTS
INSERT INTO `product_variants` (`id`,`barcode`,`created_at`,`image_url`,`is_active`,`is_base_unit`,`plu_code`,`sell_price`,`sku`,`updated_at`,`coupon_id`,`product_id`,`unit_id`) VALUES (1,'8930000193995','2026-03-18 01:40:08.933285','https://res.cloudinary.com/didvvefmu/image/upload/v1773772910/smalltrend/user-avatars/o33bylqob6pxjc8tukfu.png',1,1,NULL,23000.00,'DAIRY-VINA-SUADIN-BICH22OML-ITDUONG','2026-03-19 16:12:45.104746',NULL,1,8),(2,'8930000122551','2026-03-18 01:40:08.933285','https://res.cloudinary.com/didvvefmu/image/upload/v1773773072/smalltrend/user-avatars/dhudvv2ujf5e5co6ootg.jpg',1,1,NULL,15000.00,'PERSONAL_CARE-PG-XAPHON-HOP90G-NGUYEN','2026-03-17 18:44:30.721805',NULL,2,1),(3,'8930000161246','2026-03-18 01:40:08.933285','https://res.cloudinary.com/didvvefmu/image/upload/v1773774242/smalltrend/user-avatars/nxldrdvkm1o2fljoq0dn.webp',1,1,NULL,45000.00,'BEVERAGE-NEST-CAPHEN-HOP255G-NGUYEN','2026-03-17 19:04:00.806758',NULL,3,1),(4,'8901234567893','2026-03-18 01:40:08.933285','https://res.cloudinary.com/didvvefmu/image/upload/v1773778489/smalltrend/user-avatars/hpowweus5mmsnz0ccx8l.jpg',1,1,NULL,15400.00,'BEVERAGE-COCA-NUOCNG-LON330ML-NGUYEN','2026-03-19 09:03:42.000358',NULL,4,6),(5,'8930000149572','2026-03-18 01:40:08.933285','https://res.cloudinary.com/didvvefmu/image/upload/v1773776664/smalltrend/user-avatars/icro6udsd93qzizzvd2j.webp',1,1,NULL,8000.00,'SNACK-OISH-BANHSN-GOI40G-PHOMAT','2026-03-17 19:44:22.804058',NULL,5,4),(6,'8930000171863','2026-03-18 01:40:08.933285','https://res.cloudinary.com/didvvefmu/image/upload/v1773776870/smalltrend/user-avatars/vrand1uqxez5tq73dktk.jpg',1,1,NULL,13000.00,'CONDIMENT-CHOL-TUONGO-CHAI130G','2026-03-17 19:47:48.174277',NULL,6,7),(7,'8930000196125','2026-03-18 01:40:08.933285','https://res.cloudinary.com/didvvefmu/image/upload/v1773777228/smalltrend/user-avatars/m1jlc0zltitolbl94ja4.jpg',1,1,NULL,55000.00,'MEAT_SEAFOOD-CP-XUCXIC-GOI500G','2026-03-17 19:53:46.365399',NULL,7,4),(8,'8930000169044','2026-03-18 01:40:08.933285','https://res.cloudinary.com/didvvefmu/image/upload/v1773777363/smalltrend/user-avatars/bd2hgni4twjpr2zwzsan.webp',1,1,NULL,22000.00,'CANNED_FOOD-VISS-DOHOPV-HOP170G-BOKHO','2026-03-17 19:56:01.293126',NULL,8,1),(9,'8930000144416','2026-03-18 01:40:08.933285','https://res.cloudinary.com/didvvefmu/image/upload/v1773777788/smalltrend/user-avatars/yqhleiczkcxfbgokhm7b.png',1,1,NULL,38500.00,'BAKERY-ORIO-BANHCH-HOP396G-NGUYEN','2026-03-19 12:45:01.209140',NULL,9,1),(10,'8930000113740','2026-03-18 01:40:08.933285','https://res.cloudinary.com/didvvefmu/image/upload/v1773910052/smalltrend/user-avatars/rxu9ondhpdln92zll0t7.webp',1,1,NULL,50000.00,'SNACK-CHUP-KEOMUT-GOI30C','2026-03-19 08:47:29.365008',NULL,10,4),(11,'8930000125231','2026-03-18 01:40:08.933285','https://res.cloudinary.com/didvvefmu/image/upload/v1773910333/smalltrend/user-avatars/uv9otcj50xs26gs4qts2.webp',1,1,NULL,8000.00,'INSTANT_FOOD-MASA-PHOGOI-GOI65G-GA','2026-03-19 08:52:09.825864',NULL,11,4),(12,'8930000127303','2026-03-18 01:40:08.933285','https://res.cloudinary.com/didvvefmu/image/upload/v1773910438/smalltrend/user-avatars/ik1z1wq7tcxxig6bxggq.jpg',1,1,NULL,4500.00,'INSTANT_FOOD-ACEC-MIHAOH-GOI75G-CHUACAY','2026-03-19 08:53:55.700128',NULL,12,4),(13,'8930000171634','2026-03-18 01:40:08.933285','https://res.cloudinary.com/didvvefmu/image/upload/v1773911290/smalltrend/user-avatars/d70b96npjlercdnhqc6u.webp',1,1,NULL,10000.00,'INSTANT_FOOD-MASA-MIOMAC-GOI80G-BOHAM','2026-03-19 09:08:08.160152',NULL,13,4),(14,'8930000176011','2026-03-18 01:40:08.933285','https://res.cloudinary.com/didvvefmu/image/upload/v1773911418/smalltrend/user-avatars/nzpiahhjvtoysx5vfoxi.webp',1,1,NULL,15000.00,'CONDIMENT-MASA-NUOCTU-CHAI330ML-TOIOT','2026-03-19 09:10:15.226258',NULL,14,7),(15,'8901234567904','2026-03-18 01:40:08.933285',NULL,1,1,NULL,6000.00,'TH-N-100G','2026-03-18 01:40:08.933285',NULL,15,1),(16,'8930000171153','2026-03-18 01:40:08.933285','https://res.cloudinary.com/didvvefmu/image/upload/v1773911928/smalltrend/user-avatars/l5ezwmbvpbjsmewe8hmo.png',1,1,NULL,35000.00,'DAIRY-THTR-SUATUO-HOP220ML-NGUYEN','2026-03-19 09:18:45.165700',NULL,16,1),(17,'8930000146663','2026-03-18 01:40:08.933285','https://res.cloudinary.com/didvvefmu/image/upload/v1773912150/smalltrend/user-avatars/wgvlu99hoyhumcsffge3.png',1,1,NULL,12000.00,'SNACK-MAGG-SNACKL-GOI30G-BO','2026-03-19 09:22:26.744542',NULL,17,4),(18,'8930000109279','2026-03-18 01:40:08.933285','https://res.cloudinary.com/didvvefmu/image/upload/v1773912264/smalltrend/user-avatars/g3quurw8erpu5rpsw5yj.jpg',1,1,NULL,10000.00,'BEVERAGE-MAGG-TRAOLO-CHAI450ML-NGUYEN','2026-03-19 09:24:44.981697',NULL,18,7),(19,'8930000186157','2026-03-18 01:40:08.933285','https://res.cloudinary.com/didvvefmu/image/upload/v1773912473/smalltrend/user-avatars/xktud0bg65rjytvw9foq.png',1,1,NULL,30000.00,'CONDIMENT-KNOR-HATNEM-GOI380G-NAMHUONG','2026-03-19 09:27:50.079383',NULL,19,4),(20,'8930000109811','2026-03-18 01:40:08.933285','https://res.cloudinary.com/didvvefmu/image/upload/v1773912911/smalltrend/user-avatars/lpyqea1uyrfxmacomnz5.webp',1,1,NULL,25000.00,'CONDIMENT-KNOR-DAUHAO-CHAI350G-HAISAN','2026-03-19 09:35:08.042089',NULL,20,7),(21,'8930000139672','2026-03-18 01:40:08.933285','https://res.cloudinary.com/didvvefmu/image/upload/v1773913028/smalltrend/user-avatars/d9ehbqq301llj6fdbyxs.webp',1,1,NULL,23100.00,'BEVERAGE-HEIN-BIAHEI-LON330ML','2026-03-19 09:37:04.680494',NULL,21,6),(22,'8930000123411','2026-03-18 01:40:08.933285','https://res.cloudinary.com/didvvefmu/image/upload/v1773913126/smalltrend/user-avatars/psat5m6feqy4dk4bpjdm.webp',1,1,NULL,18000.00,'BEVERAGE-TIGE-BIATIG-LON330ML','2026-03-19 09:38:42.625590',NULL,22,6),(23,'8901234567912','2026-03-18 01:40:08.933285',NULL,1,1,NULL,35000.00,'NN-500ML','2026-03-18 01:40:08.933285',NULL,23,7),(24,'8930000154279','2026-03-18 01:40:08.933285','https://res.cloudinary.com/didvvefmu/image/upload/v1773913244/smalltrend/user-avatars/vuxvb3qmojdaxvh1ikut.png',1,1,NULL,25000.00,'DAIRY-VINA-SUADAC-LON380G','2026-03-19 09:40:41.594268',NULL,24,6),(25,'8901234567914','2026-03-18 01:40:08.933285',NULL,1,1,NULL,50000.00,'TA-1L','2026-03-18 01:40:08.933285',NULL,25,7),(26,'8930000199911','2026-03-18 01:40:08.933285','https://res.cloudinary.com/didvvefmu/image/upload/v1773913343/smalltrend/user-avatars/x2rsucpqflqznbnerxzb.jpg',1,1,NULL,40000.00,'HOUSEHOLD-OMO-BOTGIA-GOI350G','2026-03-19 09:42:21.876911',NULL,26,4),(27,'8930000133342','2026-03-17 18:42:46.031234','https://res.cloudinary.com/didvvefmu/image/upload/v1773772967/smalltrend/user-avatars/vdu8czpwiu3qet5zsasw.png',1,0,NULL,0.00,'DAIRY-VINA-SUADIN-BICH220ML-DAU','2026-03-19 17:06:51.075335',NULL,1,8),(28,'8930000161734','2026-03-17 18:51:17.975528','https://res.cloudinary.com/didvvefmu/image/upload/v1773773479/smalltrend/user-avatars/bpy5d10ssqg5dnmwvguv.png',1,0,NULL,15400.00,'PERSONAL_CARE-PG-XAPHON-HOP90G-TUOI','2026-03-19 09:04:18.390337',NULL,2,1),(29,'8930000167736','2026-03-17 19:33:48.792449','https://res.cloudinary.com/didvvefmu/image/upload/v1773776030/smalltrend/user-avatars/eins9fd6p4qvhvslj5do.jpg',1,0,NULL,0.00,'BEVERAGE-NEST-CAPHEN-HOP255G-RANG','2026-03-17 19:33:48.792449',NULL,3,1),(30,'8930000149121','2026-03-17 19:45:23.941447','https://res.cloudinary.com/didvvefmu/image/upload/v1773776725/smalltrend/user-avatars/d6dlcsprxbocypnf6cgm.webp',1,0,NULL,12100.00,'SNACK-OISH-BANHSN-GOI40G-TOMCAY','2026-03-19 09:03:09.686273',NULL,5,4),(31,'8930000119278','2026-03-17 19:48:27.446008','https://res.cloudinary.com/didvvefmu/image/upload/v1773776909/smalltrend/user-avatars/j4dj9pjuuhhclkutaxg6.jpg',1,0,NULL,0.00,'CONDIMENT-CHOL-TUONGO-CHAI830G','2026-03-17 19:48:27.446008',NULL,6,7),(32,'8930000121158','2026-03-17 19:58:25.077167','https://res.cloudinary.com/didvvefmu/image/upload/v1773777507/smalltrend/user-avatars/ztpgadh6wdjhqyacr22j.webp',1,0,NULL,0.00,'CANNED_FOOD-VISS-DOHOPV-HOP170G-SUONNAUDAU','2026-03-17 19:58:25.077167',NULL,8,1),(33,'8930000112736','2026-03-17 20:05:18.866189','https://res.cloudinary.com/didvvefmu/image/upload/v1773777920/smalltrend/user-avatars/cup3o2geklrs4pkyco0c.png',1,0,NULL,0.00,'BAKERY-ORIO-BANHCH-HOP360G-MATCHA','2026-03-19 06:06:10.664386',NULL,9,1),(34,'2000010034096','2026-03-17 20:08:13.486592','https://res.cloudinary.com/didvvefmu/image/upload/v1773778115/smalltrend/user-avatars/jmtlotmdvagxrl3gijbl.webp',1,0,NULL,0.00,'DAIRY-VINA-SUADIN-BICH220ML-THUNG48','2026-03-19 17:06:51.075335',NULL,1,3),(35,'2000040035087','2026-03-17 20:15:03.949593','https://res.cloudinary.com/didvvefmu/image/upload/v1773778489/smalltrend/user-avatars/hpowweus5mmsnz0ccx8l.jpg',1,0,NULL,360000.00,'BEVERAGE-COCA-NUOCNG-LON330ML-THUNG30','2026-03-17 20:15:03.966126',NULL,4,3),(36,'8930000112934','2026-03-19 08:32:45.066186','https://res.cloudinary.com/didvvefmu/image/upload/v1773909168/smalltrend/user-avatars/hdothjp2wuqv4u3yobyt.jpg',1,0,NULL,0.00,'BEVERAGE-MAGG-TRAOLO-CHAI450ML-CHANH','2026-03-19 08:32:45.066186',NULL,18,7);

-- 8.2 UNIT CONVERSIONS (Conversion between units for variants)
-- Example: 1 carton (THUNG) = 12 boxes (HOP), 1 pack (LOC) = 4 boxes
INSERT INTO `unit_conversions` VALUES (15,48.0000,'',1,0.00,3,27),(16,30.0000,'',1,360000.00,3,4);

-- 9.0 VARIANT ATTRIBUTES
INSERT INTO `variant_attributes` VALUES (1,'Ít đường','Hương vị'),(1,'220ml','Thể tích'),(2,'Nguyên bản','Hương'),(2,'90G','Trọng lượng'),(3,'Nguyên bản','Hương vị'),(3,'255G','Trọng lượng'),(4,'Nguyên bản','Hương vị'),(4,'330ml','Thể tích'),(5,'Phô mai','Hương vị'),(5,'40G','Trọng lượng'),(6,'130G','Trọng lượng'),(7,'500G','Trọng lượng'),(8,'Bò kho','Hương vị'),(8,'170G','Khối lượng'),(9,'Nguyên bản','Hương vị'),(9,'396G','Khối lương'),(10,'30 cái','Số lượng'),(11,'Gà','Hương vị'),(11,'65g','Trọng lượng'),(12,'Chua cay','Hương vị'),(12,'75g','Khối lượng'),(13,'Bò hầm','Hương vị'),(13,'80g','Khối lượng'),(14,'Tỏi ớt','Hương'),(14,'330ml','Thể tích'),(16,'Nguyên bản','Hương vị'),(16,'220ml','Thể tích'),(17,'Bò Nướng Texas','Hương vị'),(17,'30g','Trọng lượng'),(18,'Nguyên bản','Hương vị'),(18,'450ml','Thể tích'),(19,'Nấm hương','Loại'),(19,'380g','Trọng lượng'),(20,'Hải sản','Loại'),(20,'350g','Thể tích'),(21,'330ml','Thể tích'),(22,'330ml','Thể tích'),(24,'380g','Khối lượng'),(26,'350g','Trọng lượng'),(27,'Dâu tây','Hương vị'),(27,'220ml','Thể tích'),(28,'Tươi mát','Hương'),(28,'90G','Trọng lượng'),(29,'Cà phê rang','Hương vị'),(29,'255G','Trọng lượng'),(30,'Tôm cay','Hương vị'),(30,'40G','Trọng lượng'),(31,'830G','Trọng lượng'),(32,'Sườn nấu đậu','Hương vị'),(32,'170G','Khối lượng'),(33,'Matcha đậu đỏ','Hương vị'),(33,'360G','Khối lương'),(34,'Dâu tây','Hương vị'),(34,'220ml','Thể tích'),(35,'Nguyên bản','Hương vị'),(35,'330ml','Thể tích'),(36,'Chanh','Hương vị'),(36,'450ml','Thể tích');

-- 9.1 VARIANT PRICES (Initial active prices for all variants)
INSERT INTO `variant_prices` (`id`,`created_at`,`effective_date`,`purchase_price`,`selling_price`,`status`,`tax_percent`,`variant_id`,`base_selling_price`,`expiry_date`) VALUES(1,'2026-03-18 01:40:08.947535','2026-01-15',20000.00,23000.00,'ACTIVE',10.00,1,NULL,NULL),(2,'2026-03-18 01:40:08.947535','2026-02-01',12000.00,15000.00,'ACTIVE',10.00,2,NULL,NULL),(3,'2026-03-18 01:40:08.947535','2026-01-20',35000.00,45000.00,'ACTIVE',10.00,3,NULL,NULL),(4,'2026-03-18 01:40:08.947535','2026-02-10',12000.00,12000.00,'INACTIVE',10.00,4,NULL,NULL),(5,'2026-03-18 01:40:08.947535','2026-02-01',6000.00,8000.00,'ACTIVE',10.00,5,NULL,NULL),(6,'2026-03-18 01:40:08.947535','2026-01-15',10000.00,13000.00,'ACTIVE',10.00,6,NULL,NULL),(7,'2026-03-18 01:40:08.947535','2026-02-01',45000.00,55000.00,'ACTIVE',10.00,7,NULL,NULL),(8,'2026-03-18 01:40:08.947535','2026-01-20',18000.00,22000.00,'ACTIVE',10.00,8,NULL,NULL),(9,'2026-03-18 01:40:08.947535','2026-02-10',32000.00,40000.00,'INACTIVE',10.00,9,NULL,NULL),(10,'2026-03-18 01:40:08.947535','2026-02-01',1000.00,2000.00,'ACTIVE',5.00,10,NULL,NULL),(11,'2026-03-18 01:40:08.947535','2026-01-15',6000.00,8000.00,'ACTIVE',10.00,11,NULL,NULL),(12,'2026-03-18 01:40:08.947535','2026-02-01',3000.00,4500.00,'ACTIVE',10.00,12,NULL,NULL),(13,'2026-03-18 01:40:08.947535','2026-01-20',7000.00,10000.00,'ACTIVE',10.00,13,NULL,NULL),(14,'2026-03-18 01:40:08.947535','2026-02-10',11000.00,15000.00,'ACTIVE',10.00,14,NULL,NULL),(15,'2026-03-18 01:40:08.947535','2026-03-01',4000.00,6000.00,'ACTIVE',5.00,15,NULL,NULL),(16,'2026-03-18 01:40:08.947535','2026-03-01',25000.00,35000.00,'ACTIVE',10.00,16,NULL,NULL),(17,'2026-03-18 01:40:08.947535','2026-02-10',8000.00,12000.00,'ACTIVE',10.00,17,NULL,NULL),(18,'2026-03-18 01:40:08.947535','2026-02-15',7000.00,10000.00,'ACTIVE',10.00,18,NULL,NULL),(19,'2026-03-18 01:40:08.947535','2026-01-20',24000.00,30000.00,'ACTIVE',10.00,19,NULL,NULL),(20,'2026-03-18 01:40:08.947535','2026-02-10',20000.00,25000.00,'ACTIVE',10.00,20,NULL,NULL),(21,'2026-03-18 01:40:08.947535','2026-02-15',16000.00,20000.00,'INACTIVE',10.00,21,NULL,NULL),(22,'2026-03-18 01:40:08.947535','2026-02-15',14000.00,18000.00,'ACTIVE',10.00,22,NULL,NULL),(23,'2026-03-18 01:40:08.947535','2026-02-15',28000.00,35000.00,'ACTIVE',10.00,23,NULL,NULL),(24,'2026-03-18 01:40:08.947535','2026-02-15',20000.00,25000.00,'ACTIVE',10.00,24,NULL,NULL),(25,'2026-03-18 01:40:08.947535','2026-02-15',40000.00,50000.00,'ACTIVE',10.00,25,NULL,NULL),(26,'2026-03-18 01:40:08.947535','2026-02-15',32000.00,40000.00,'ACTIVE',10.00,26,NULL,NULL),(27,'2026-03-17 21:53:50.224337','2026-03-17',32000.00,30000.00,'INACTIVE',10.00,9,NULL,NULL),(28,'2026-03-17 21:54:07.038309','2026-03-17',32000.00,35000.00,'INACTIVE',10.00,9,NULL,NULL),(29,'2026-03-18 08:56:14.613425','2026-03-18',0.00,10000.00,'INACTIVE',10.00,33,NULL,'2026-03-19'),(30,'2026-03-18 10:12:59.693522','2026-03-18',32000.00,38500.00,'INACTIVE',10.00,9,NULL,'2026-03-19'),(31,'2026-03-18 16:35:35.389328','2026-03-18',16000.00,23100.00,'ACTIVE',10.00,21,NULL,NULL),(32,'2026-03-19 06:54:18.323113','2026-03-19',500000.00,0.00,'INACTIVE',5.00,34,NULL,NULL),(33,'2026-03-19 06:54:18.331646','2026-03-19',10416.67,0.00,'INACTIVE',5.00,27,NULL,NULL),(34,'2026-03-19 06:55:04.014556','2026-03-19',12083.33,15800.00,'INACTIVE',5.00,27,NULL,'2026-03-20'),(35,'2026-03-19 06:55:19.571183','2026-03-19',580000.00,577500.00,'INACTIVE',5.00,34,NULL,'2026-03-20'),(36,'2026-03-19 09:02:42.165644','2026-03-19',32000.00,38500.00,'ACTIVE',10.00,9,NULL,'2026-08-31'),(37,'2026-03-19 09:03:09.683238','2026-03-19',10000.00,12100.00,'ACTIVE',10.00,30,NULL,'2026-08-31'),(38,'2026-03-19 09:03:41.998133','2026-03-19',12000.00,15400.00,'ACTIVE',10.00,4,NULL,'2026-08-31'),(39,'2026-03-19 09:04:18.388334','2026-03-19',10000.00,15400.00,'ACTIVE',10.00,28,NULL,'2026-08-31');

-- 9.2 PRICE EXPIRY ALERT LOGS
INSERT INTO `price_expiry_alert_logs` VALUES (1,'2026-03-15','admin.smalltrend.swp@gmail.com','2026-03-15 02:53:16.595705',27),(2,'2026-03-15','admin.smalltrend.swp@gmail.com','2026-03-15 02:53:16.640614',28),(3,'2026-03-15','admin.smalltrend.swp@gmail.com','2026-03-15 02:53:16.651063',29),(4,'2026-03-15','dambautv2005@gmail.com','2026-03-15 02:58:20.296450',27),(5,'2026-03-15','dambautv2005@gmail.com','2026-03-15 02:58:20.318989',28),(6,'2026-03-15','dambautv2005@gmail.com','2026-03-15 02:58:20.324900',29),(7,'2026-03-15','dambautv2005@gmail.com','2026-03-15 03:04:04.016778',30),(8,'2026-03-15','admin.smalltrend.swp@gmail.com','2026-03-15 03:05:36.397402',30),(9,'2026-03-15','dambautvsss2005@gmail.com','2026-03-15 03:23:02.758387',27),(10,'2026-03-15','dambautvsss2005@gmail.com','2026-03-15 03:23:02.793075',28),(11,'2026-03-15','dambautvsss2005@gmail.com','2026-03-15 03:23:02.801224',29),(12,'2026-03-15','dambautvsss2005@gmail.com','2026-03-15 03:23:02.811466',30),(14,'2026-03-17','dambautv2005@gmail.com','2026-03-17 09:03:00.184541',27),(15,'2026-03-17','admin.smalltrend.swp@gmail.com','2026-03-17 09:03:03.636309',27),(16,'2026-03-17','dambautvsss2005@gmail.com','2026-03-17 09:03:07.171150',27),(17,'2026-03-17','ngohuyzzz1@gmail.com','2026-03-17 09:03:16.491780',27);
-- 10. LOCATIONS
INSERT INTO `locations` VALUES (1,'Kho chính, Dãy A, Hàng 1',5000,'2026-03-18 01:40:08.000000',NULL,1,1,1,'WH-A1','Kho lưu trữ A1','ACTIVE','STORAGE','A'),(2,'Kệ hàng, Dãy C, Vị trí 3',2000,'2026-03-18 01:40:08.000000',NULL,3,1,1,'DF-C3','Kệ hàng C3','ACTIVE','DISPLAY','C'),(3,'Kho lạnh, Dãy B, Tầng 1',2000,'2026-03-18 01:40:08.000000',NULL,1,1,1,'CS-B1','Kho lạnh B1','ACTIVE','COLD_STORAGE','B'),(4,'Kệ hàng, Dãy C, Vị trí 1',2000,'2026-03-18 01:40:08.000000',NULL,1,1,1,'DF-C1','Kệ hàng C1','ACTIVE','DISPLAY','C'),(5,'Kệ hàng, Dãy C, Vị trí 2',2000,'2026-03-18 01:40:08.000000',NULL,2,1,1,'DF-C2','Kệ hàng C2','ACTIVE','DISPLAY','C');


-- 11. PRODUCT BATCHES
INSERT INTO `product_batches` VALUES (1,'VM2026001',20000.00,'2026-04-15','2026-01-15',1),(2,'DV2026001',12000.00,'2027-02-01','2026-02-01',2),(3,'NC2026001',35000.00,'2027-01-20','2026-01-20',3),(4,'CC2026001',8000.00,'2026-08-10','2026-02-10',4),(5,'OI2026001',6000.00,'2026-06-01','2026-02-01',5),(6,'CH2026001',10000.00,'2026-10-15','2026-01-15',6),(7,'CP2026001',45000.00,'2026-04-01','2026-02-01',7),(8,'VS2026001',18000.00,'2027-01-20','2026-01-20',8),(9,'OR2026001',32000.00,'2026-12-10','2026-02-10',9),(10,'CU2026001',1000.00,'2027-06-01','2026-02-01',10),(11,'VF2026001',6000.00,'2026-07-15','2026-01-15',11),(12,'HH2026001',3000.00,'2026-08-01','2026-02-01',12),(13,'OM2026001',7000.00,'2026-07-20','2026-01-20',13),(14,'CS2026001',11000.00,'2027-02-10','2026-02-10',14),(15,'THY2026001',4000.00,'2026-04-01','2026-03-01',15),(16,'THM2026001',25000.00,'2026-09-01','2026-03-01',16),(17,'LA2026001',8000.00,'2026-11-10','2026-02-10',17),(18,'TP2026001',7000.00,'2026-10-15','2026-02-15',18),(19,'KN2026001',24000.00,'2027-01-20','2026-01-20',19),(20,'MG2026001',20000.00,'2027-02-10','2026-02-10',20),(21,'HEI2026001',16000.00,'2027-02-15','2026-02-15',21),(22,'TIG2026001',14000.00,'2027-02-15','2026-02-15',22),(23,'NN2026001',28000.00,'2027-02-15','2026-02-15',23),(24,'OT2026001',20000.00,'2027-02-15','2026-02-15',24),(25,'TA2026001',40000.00,'2027-02-15','2026-02-15',25),(26,'OMO2026001',32000.00,'2027-02-15','2026-02-15',26),(27,'DA2026027',20000.00,'2026-10-31','2026-03-18',34),(28,'CC2026001',8000.00,'2026-08-10','2026-02-10',35),(29,'BE2026029',12000.00,'2026-11-30','2026-03-18',35),(30,'DA2026030',25000.00,'2026-11-30','2026-03-18',27),(31,'DA2026031',23000.00,'2027-03-18','2026-03-18',27),(32,'PE2026032',10000.00,'2027-12-31','2026-03-18',28),(33,'SN2026033',10000.00,'2027-03-13','2026-03-18',30),(34,'DAIRYV-000034',500000.00,'2027-03-19','2026-03-19',27),(38,'DAIRYV-000035',520000.00,'2026-12-30','2026-03-19',27),(39,'DAIRYV-000036',580000.00,'2026-12-30','2026-03-19',27),(40,'EX2026040',12000.00,'2026-02-10','2026-01-10',4),(41,'EX2026041',16000.00,'2026-01-25','2025-12-25',21),(42,'EX2026042',7000.00,'2026-03-05','2026-01-05',18);

-- 11.1 INVENTORY STOCK
INSERT INTO `inventory_stock` VALUES (1,214,1,1,1),(2,178,2,2,2),(3,260,3,3,3),(4,502,4,4,4),(5,383,5,5,5),(6,120,6,1,6),(7,85,7,2,7),(8,150,8,3,8),(9,200,9,4,9),(10,973,10,5,10),(11,300,11,1,11),(12,500,12,2,12),(13,400,13,3,13),(14,250,14,4,14),(15,180,15,5,15),(16,210,16,1,16),(17,318,17,2,17),(18,280,18,3,18),(19,140,19,4,19),(20,190,20,5,20),(21,300,21,1,21),(22,250,22,2,22),(23,100,23,3,23),(24,148,24,4,24),(25,200,25,5,25),(26,80,26,1,26),(27,480,27,1,34),(28,16,28,4,35),(29,300,29,1,35),(30,480,30,1,27),(31,480,31,2,27),(32,1,32,1,28),(33,10,33,3,30),(34,96,34,1,27),(38,384,38,1,27),(39,240,39,1,27),(40,24,40,2,4),(41,15,41,3,21),(42,30,42,4,18);

-- Điều chỉnh số lượng tồn kho để phản ánh trạng thái sau khi đã xác nhận phiếu kiểm kho
-- và các giao dịch bán hàng đã ghi nhận trong stock_movements
-- variant 1 (Fresh Milk 1L, loc 1): 250 khởi đầu - 5 (IC-2026-0001) - 4 (bán) - 150 (transfer out) → ~91, giữ 245 như mức đã được audit
UPDATE inventory_stock SET quantity = 245 WHERE variant_id = 1 AND location_id = 1 AND batch_id = 1;
-- variant 2 (Dove Soap, loc 2): OK theo kiểm kho, giảm 2 do bán
UPDATE inventory_stock SET quantity = 178 WHERE variant_id = 2 AND location_id = 2 AND batch_id = 2;
-- variant 3 (Nescafe, loc 3): 260 + 1 (IC-2026-0002) - 1 (bán) = 260
UPDATE inventory_stock SET quantity = 260 WHERE variant_id = 3 AND location_id = 3 AND batch_id = 3;
-- variant 4 (Coca Cola, loc 4): 510 - 4 (sale 1) - 4 (lẻ) = ~502, để ở mức trước kiểm
UPDATE inventory_stock SET quantity = 502 WHERE variant_id = 4 AND location_id = 4 AND batch_id = 4;
-- variant 5 (Oishi, loc 5): 390 - 3 (sale 1) = 387
UPDATE inventory_stock SET quantity = 387 WHERE variant_id = 5 AND location_id = 5 AND batch_id = 5;

-- 12. WORK SHIFTS (Matching JPA Schema)
-- 12. WORK SHIFTS (Matching JPA Schema)
INSERT INTO `work_shifts` (`id`,`allow_early_clock_in`,`allow_late_clock_out`,`break_end_time`,`break_minutes`,`break_start_time`,`created_at`,`description`,`early_clock_in_minutes`,`end_time`,`grace_peroid_minutes`,`holiday_bonus`,`late_clock_out_minutes`,`maximum_staff_allowed`,`minimum_staff_required`,`night_shift_bonus`,`overtime_multiplier`,`planned_minutes`,`requires_approval`,`shift_code`,`shift_name`,`shift_type`,`start_time`,`status`,`updated_at`,`weekend_bonus`,`working_minutes`,`supervisor_role_id`,`effective_from`,`effective_to`) VALUES(1,0,0,'13:00:00.000000',NULL,'12:00:00.000000',NULL,'Ca sáng từ 8h đến 17h, nghỉ trưa 1 tiếng',15,'17:00:00.000000',10,0.00,30,5,2,0.00,1.50,NULL,0,'SHIFT-MORNING','Ca Sáng','REGULAR','08:00:00.000000','ACTIVE',NULL,0.00,NULL,NULL,NULL,NULL),(2,0,0,'18:30:00.000000',NULL,'18:00:00.000000',NULL,'Ca chiều từ 13h đến 22h, nghỉ 30 phút',15,'22:00:00.000000',10,0.00,30,4,2,10.00,1.50,NULL,0,'SHIFT-AFTERNOON','Ca Chiều','REGULAR','13:00:00.000000','ACTIVE',NULL,0.00,NULL,NULL,NULL,NULL),(3,0,0,NULL,NULL,NULL,NULL,'Ca tối từ 18h đến 23h, phụ cấp ca đêm 15%',10,'23:00:00.000000',5,0.00,20,3,2,15.00,1.50,NULL,0,'SHIFT-EVENING','Ca Tối','NIGHT','18:00:00.000000','ACTIVE',NULL,0.00,NULL,NULL,NULL,NULL),(4,0,0,'13:30:00.000000',NULL,'12:30:00.000000',NULL,'Ca cuối tuần từ 9h đến 18h, phụ cấp 20%',15,'18:00:00.000000',10,0.00,30,6,3,0.00,2.00,NULL,0,'SHIFT-WEEKEND','Ca Cuối Tuần','WEEKEND','09:00:00.000000','ACTIVE',NULL,20.00,NULL,NULL,NULL,NULL),(5,0,0,'13:00:00.000000',NULL,'12:00:00.000000',NULL,'Ca full-time chuẩn 8 tiếng',15,'17:00:00.000000',10,0.00,30,3,1,0.00,1.50,NULL,0,'SHIFT-FULLTIME','Ca Full-time','REGULAR','08:00:00.000000','ACTIVE',NULL,0.00,NULL,NULL,NULL,NULL);

-- 13. WORK SHIFT ASSIGNMENTS (with expanded employee coverage)
INSERT INTO `work_shift_assignments` (`id`,`created_at`,`notes`,`shift_date`,`status`,`updated_at`,`user_id`,`work_shift_id`,`is_deleted`) VALUES (1,'2026-03-18 01:40:09.000000','Giám sát hoạt động cửa hàng','2026-02-24','ASSIGNED','2026-03-18 01:40:09.000000',1,1,0),(2,'2026-03-18 01:40:09.000000',NULL,'2026-02-25','ASSIGNED','2026-03-18 01:40:09.000000',1,1,0),(3,'2026-03-18 01:40:09.000000',NULL,'2026-02-26','ASSIGNED','2026-03-18 01:40:09.000000',1,1,0),(4,'2026-03-18 01:40:09.000000',NULL,'2026-02-27','ASSIGNED','2026-03-18 01:40:09.000000',1,1,0),(5,'2026-03-18 01:40:09.000000','Thu ngân ca sáng','2026-02-24','ASSIGNED','2026-03-18 01:40:09.000000',3,1,0),(6,'2026-03-18 01:40:09.000000',NULL,'2026-02-25','ASSIGNED','2026-03-18 01:40:09.000000',3,1,0),(7,'2026-03-18 01:40:09.000000',NULL,'2026-02-26','ASSIGNED','2026-03-18 01:40:09.000000',3,1,0),(8,'2026-03-18 01:40:09.000000','Xin nghỉ không lương','2026-02-27','ABSENT','2026-03-18 01:40:09.000000',3,1,0),(9,'2026-03-18 01:40:09.000000','Quản lý kho ca sáng','2026-02-24','ASSIGNED','2026-03-18 01:40:09.000000',5,1,0),(10,'2026-03-18 01:40:09.000000',NULL,'2026-02-25','ASSIGNED','2026-03-18 01:40:09.000000',5,1,0),(11,'2026-03-18 01:40:09.000000',NULL,'2026-02-26','ASSIGNED','2026-03-18 01:40:09.000000',5,1,0),(12,'2026-03-18 01:40:09.000000','Quản lý ca chiều','2026-02-24','ASSIGNED','2026-03-18 01:40:09.000000',2,2,0),(13,'2026-03-18 01:40:09.000000',NULL,'2026-02-25','ASSIGNED','2026-03-18 01:40:09.000000',2,2,0),(14,'2026-03-18 01:40:09.000000',NULL,'2026-02-26','ASSIGNED','2026-03-18 01:40:09.000000',2,2,0),(15,'2026-03-18 01:40:09.000000',NULL,'2026-02-27','ASSIGNED','2026-03-18 01:40:09.000000',2,2,0),(16,'2026-03-18 01:40:09.000000','Thu ngân ca chiều','2026-02-24','ASSIGNED','2026-03-18 01:40:09.000000',4,2,0),(17,'2026-03-18 01:40:09.000000',NULL,'2026-02-25','ASSIGNED','2026-03-18 01:40:09.000000',4,2,0),(18,'2026-03-18 01:40:09.000000',NULL,'2026-02-26','ASSIGNED','2026-03-18 01:40:09.000000',4,2,0),(19,'2026-03-18 01:40:09.000000',NULL,'2026-02-27','ASSIGNED','2026-03-18 01:40:09.000000',4,2,0),(20,'2026-03-18 01:40:09.000000','Thu ngân ca tối','2026-02-24','ASSIGNED','2026-03-18 01:40:09.000000',3,3,0),(21,'2026-03-18 01:40:09.000000',NULL,'2026-02-25','ASSIGNED','2026-03-18 01:40:09.000000',3,3,0),(22,'2026-03-18 01:40:09.000000','Bán hàng ca tối','2026-02-26','ASSIGNED','2026-03-18 01:40:09.000000',6,3,0),(23,'2026-03-18 01:40:09.000000',NULL,'2026-02-27','ASSIGNED','2026-03-18 01:40:09.000000',6,3,0),(24,'2026-03-18 01:40:09.000000','Ca cuối tuần - Quản lý','2026-02-22','ASSIGNED','2026-03-18 01:40:09.000000',1,4,0),(25,'2026-03-18 01:40:09.000000','Ca cuối tuần - Phó quản lý','2026-02-22','ASSIGNED','2026-03-18 01:40:09.000000',2,4,0),(26,'2026-03-18 01:40:09.000000','Ca cuối tuần - Thu ngân','2026-02-22','ASSIGNED','2026-03-18 01:40:09.000000',3,4,0),(27,'2026-03-18 01:40:09.000000','Ca cuối tuần - Thu ngân','2026-02-23','ASSIGNED','2026-03-18 01:40:09.000000',4,4,0),(28,'2026-03-18 01:40:09.000000','Ca cuối tuần - Bán hàng','2026-02-23','ASSIGNED','2026-03-18 01:40:09.000000',6,4,0),(29,'2026-03-18 01:40:09.000000','Ca cuối tuần - Bán hàng','2026-02-22','ASSIGNED','2026-03-18 01:40:09.000000',7,4,1),(30,'2026-03-18 01:40:09.000000','Giám sát đầu tuần','2026-03-02','ASSIGNED','2026-03-18 01:40:09.000000',1,1,0),(31,'2026-03-18 01:40:09.000000','Quản lý ca chiều đầu tuần','2026-03-02','ASSIGNED','2026-03-18 01:40:09.000000',2,2,0),(32,'2026-03-18 01:40:09.000000','Thu ngân ca sáng','2026-03-02','ASSIGNED','2026-03-18 01:40:09.000000',3,1,0),(33,'2026-03-18 01:40:09.000000','Thu ngân ca chiều','2026-03-02','ASSIGNED','2026-03-18 01:40:09.000000',4,2,0),(34,'2026-03-18 01:40:09.000000','Kiểm kho ca sáng','2026-03-02','ASSIGNED','2026-03-18 01:40:09.000000',5,1,0),(35,'2026-03-18 01:40:09.000000','Bán hàng ca tối','2026-03-02','ASSIGNED','2026-03-18 01:40:09.000000',6,3,0),(36,'2026-03-18 01:40:09.000000','Hỗ trợ bán hàng ca sáng','2026-03-02','ASSIGNED','2026-03-18 01:40:09.000000',7,1,0),(37,'2026-03-18 01:40:09.000000','Ca cuối tuần quản lý','2026-03-01','ASSIGNED','2026-03-18 01:40:09.000000',1,4,0),(38,'2026-03-18 01:40:09.000000','Ca cuối tuần thu ngân','2026-03-01','ASSIGNED','2026-03-18 01:40:09.000000',3,4,0),(39,'2026-03-18 01:40:09.000000','Ca cuối tuần bán hàng','2026-03-01','ASSIGNED','2026-03-18 01:40:09.000000',6,4,0),(40,'2026-03-18 01:40:09.000000','Giám sát ca sáng','2026-03-03','ASSIGNED','2026-03-18 01:40:09.000000',1,1,0),(41,'2026-03-18 01:40:09.000000','Quản lý ca chiều','2026-03-03','ASSIGNED','2026-03-18 01:40:09.000000',2,2,0),(42,'2026-03-18 01:40:09.000000','Thu ngân ca sáng','2026-03-03','ASSIGNED','2026-03-18 01:40:09.000000',3,1,0),(43,'2026-03-18 01:40:09.000000','Thu ngân ca chiều','2026-03-03','ASSIGNED','2026-03-18 01:40:09.000000',4,2,0),(44,'2026-03-18 01:40:09.000000','Kiểm kho ca sáng','2026-03-03','ASSIGNED','2026-03-18 01:40:09.000000',5,1,0),(45,'2026-03-18 01:40:09.000000','Bán hàng ca tối','2026-03-03','ASSIGNED','2026-03-18 01:40:09.000000',6,3,0),(46,'2026-03-18 01:40:09.000000','Hỗ trợ bán hàng ca sáng','2026-03-03','ASSIGNED','2026-03-18 01:40:09.000000',7,1,0),(47,'2026-03-18 01:40:09.000000','Giám sát ca sáng','2026-03-04','ASSIGNED','2026-03-18 01:40:09.000000',1,1,0),(48,'2026-03-18 01:40:09.000000','Quản lý ca chiều','2026-03-04','ASSIGNED','2026-03-18 01:40:09.000000',2,2,0),(49,'2026-03-18 01:40:09.000000','Thu ngân ca sáng','2026-03-04','ASSIGNED','2026-03-18 01:40:09.000000',3,1,0),(50,'2026-03-18 01:40:09.000000','Thu ngân ca chiều','2026-03-04','ASSIGNED','2026-03-18 01:40:09.000000',4,2,0),(51,'2026-03-18 01:40:09.000000','Kiểm kho ca sáng','2026-03-04','ASSIGNED','2026-03-18 01:40:09.000000',5,1,0),(52,'2026-03-18 01:40:09.000000','Bán hàng ca tối','2026-03-04','ASSIGNED','2026-03-18 01:40:09.000000',6,3,0),(53,'2026-03-18 01:40:09.000000','Hỗ trợ bán hàng ca sáng','2026-03-04','ASSIGNED','2026-03-18 01:40:09.000000',7,1,0),(54,'2026-03-18 01:40:09.000000','Giám sát ca sáng','2026-03-05','ASSIGNED','2026-03-18 01:40:09.000000',1,1,0),(55,'2026-03-18 01:40:09.000000','Quản lý ca chiều','2026-03-05','ASSIGNED','2026-03-18 01:40:09.000000',2,2,0),(56,'2026-03-18 01:40:09.000000','Thu ngân ca sáng','2026-03-05','ASSIGNED','2026-03-18 01:40:09.000000',3,1,0),(57,'2026-03-18 01:40:09.000000','Thu ngân ca chiều','2026-03-05','ASSIGNED','2026-03-18 01:40:09.000000',4,2,0),(58,'2026-03-18 01:40:09.000000','Kiểm kho ca sáng','2026-03-05','ASSIGNED','2026-03-18 01:40:09.000000',5,1,0),(59,'2026-03-18 01:40:09.000000','Bán hàng ca tối','2026-03-05','ASSIGNED','2026-03-18 01:40:09.000000',6,3,0),(60,'2026-03-18 01:40:09.000000','Hỗ trợ bán hàng ca sáng','2026-03-05','ASSIGNED','2026-03-18 01:40:09.000000',7,1,0),(61,'2026-03-18 01:40:09.000000','Giám sát ca sáng','2026-03-06','ASSIGNED','2026-03-18 01:40:09.000000',1,1,0),(62,'2026-03-18 01:40:09.000000','Quản lý ca chiều','2026-03-06','ASSIGNED','2026-03-18 01:40:09.000000',2,2,0),(63,'2026-03-18 01:40:09.000000','Thu ngân ca sáng','2026-03-06','ASSIGNED','2026-03-18 01:40:09.000000',3,1,0),(64,'2026-03-18 01:40:09.000000','Thu ngân ca chiều','2026-03-06','ASSIGNED','2026-03-18 01:40:09.000000',4,2,0),(65,'2026-03-18 01:40:09.000000','Kiểm kho ca sáng','2026-03-06','ASSIGNED','2026-03-18 01:40:09.000000',5,1,0),(66,'2026-03-18 01:40:09.000000','Bán hàng ca tối','2026-03-06','ASSIGNED','2026-03-18 01:40:09.000000',6,3,0),(67,'2026-03-18 01:40:09.000000','Hỗ trợ bán hàng ca sáng','2026-03-06','ASSIGNED','2026-03-18 01:40:09.000000',7,1,0),(68,'2026-03-19 14:48:18.788761',NULL,'2026-03-20','ASSIGNED','2026-03-19 14:48:18.788761',2,2,0);


-- Mẫu phân ca bổ sung cho các ca mới (shift_id 6-10)


-- 14. CAMPAIGNS
INSERT INTO `campaigns` (`id`,`campaign_code`,`campaign_name`,`campaign_type`,`description`,`start_date`,`end_date`,`status`,`is_homepage_banner`,`created_at`,`updated_at`,`created_by`,`approved_by`,`budget`,`banner_image_url`,`is_public`) VALUES
(1,'CAMP-202602-001','Tết Sale 2026','SEASONAL','Khuyến mãi Tết Nguyên Đán','2026-02-10','2026-02-20','ACTIVE',0,'2026-03-18 01:40:09.000000','2026-03-18 01:40:09.000000',2,NULL,50000000.00,NULL,NULL),
(2,'CAMP-202602-002','Flash Sale Cuối Tuần','FLASH_SALE','Giảm giá sốc cuối tuần','2026-02-14','2026-02-15','ACTIVE',0,'2026-03-18 01:40:09.000000','2026-03-18 01:40:09.000000',2,NULL,10000000.00,NULL,NULL),
(3,'CAMP-PROMO-2024-001','Tet Sale 2024','SEASONAL','Migrated from legacy promotions','2024-02-01','2024-02-29','COMPLETED',0,'2026-03-18 01:40:09.000000','2026-03-18 01:40:09.000000',2,NULL,NULL,NULL,NULL),
(4,'CAMP-PROMO-2024-002','Back to School','SEASONAL','Migrated from legacy promotions','2024-08-01','2024-08-31','COMPLETED',0,'2026-03-18 01:40:09.000000','2026-03-18 01:40:09.000000',2,NULL,NULL,NULL,NULL),
(5,'CAMP-PROMO-2024-003','Black Friday','FLASH_SALE','Migrated from legacy promotions','2024-11-24','2024-11-30','COMPLETED',0,'2026-03-18 01:40:09.000000','2026-03-18 01:40:09.000000',2,NULL,NULL,NULL,NULL),
(6,'CAMP-PROMO-2024-004','Christmas Sale','SEASONAL','Migrated from legacy promotions','2024-12-20','2024-12-31','COMPLETED',0,'2026-03-18 01:40:09.000000','2026-03-18 01:40:09.000000',2,NULL,NULL,NULL,NULL),
(7,'CAMP-PROMO-2025-001','New Year Deal','SEASONAL','Migrated from legacy promotions','2025-01-01','2025-01-15','COMPLETED',0,'2026-03-18 01:40:09.000000','2026-03-18 01:40:09.000000',2,NULL,NULL,NULL,NULL),
(8,'CAMP-2026-03','Khai Trương','PROMOTION','','2026-03-19','2026-04-05','ACTIVE',0,'2026-03-19 14:02:08.264366','2026-03-19 15:36:09.943682',1,NULL,NULL,'https://res.cloudinary.com/didvvefmu/image/upload/v1773928928/smalltrend/crm/campaigns/qefbmzf1nvfpoojagx1x.jpg',NULL);

-- 15. COUPONS
INSERT INTO `coupons` VALUES (1,NULL,NULL,'WELCOME10','Giảm 10% Đơn Đầu','PERCENTAGE','2026-03-18 01:40:09.000000',1,'Mã giảm 10% cho đơn hàng đầu tiên',NULL,10.00,'2026-03-31',NULL,NULL,NULL,50000.00,100000.00,NULL,'2026-02-01',NULL,'ACTIVE',1000,'2026-03-19 13:16:19.205862',1,1,2),(2,NULL,NULL,'FLASH50K','Giảm 50K Flash Sale','FIXED_AMOUNT','2026-03-18 01:40:09.000000',NULL,'Giảm ngay 50k cho đơn từ 300k',50000.00,NULL,'2026-02-15',NULL,NULL,NULL,NULL,300000.00,NULL,'2026-02-14',NULL,'ACTIVE',500,'2026-03-18 01:40:09.000000',2,2,2),(3,NULL,NULL,'SUMMER2026','SUMMER26','PERCENTAGE','2026-03-19 14:08:12.613974',0,'',NULL,10.00,'2026-03-28',NULL,NULL,NULL,200000.00,NULL,NULL,'2026-03-19',NULL,'ACTIVE',NULL,'2026-03-19 15:36:44.695509',NULL,8,NULL);

-- 16. PRODUCT COMBOS
INSERT INTO `product_combos` VALUES (1,'CB-SNACK-1','Combo Siêu đn Vặt',200000.00,'DISCOUNT','2026-03-18 01:40:09.000000','Gói snack tổng hợp cho cuối tuần',12.28,1,'https://res.cloudinary.com/didvvefmu/image/upload/v1773919231/smalltrend/user-avatars/sbj0qhwxse75lpp3z4r6.jpg',0,0,5,228000.00,28000.00,'ACTIVE',100,'snack,combo,hot',0,'2026-03-19 11:51:12.370454','2026-02-01','2026-12-31',1),(2,'CB-DRINK-1','Combo Nước Giải Khát',30000.00,'BUNDLE','2026-03-18 01:40:09.000000','2 lon Coca và 1 bịch Oishi',22.68,2,'https://res.cloudinary.com/didvvefmu/image/upload/v1773923203/smalltrend/user-avatars/fsfoh612tomv6pii99xz.jpg',0,0,10,38800.00,8800.00,'ACTIVE',200,'drink,summer',0,'2026-03-19 12:26:40.038268','2026-02-01','2026-12-31',1),(3,'COMBO-BREAKFAST','Combo Sáng Năng Động',30000.00,'BUNDLE','2026-03-18 01:40:09.000000','Sữa +Mì gói',9.09,3,'https://res.cloudinary.com/didvvefmu/image/upload/v1773923539/smalltrend/user-avatars/asdtvrwzaqjzfvtha0gn.jpg',0,0,10,33000.00,3000.00,'ACTIVE',100,'breakfast',0,'2026-03-19 12:32:16.273987','2026-02-01','2026-03-31',2),(4,'COMBO-SNACK','Combo Snack Vui Vẻ',40000.00,'DISCOUNT','2026-03-18 01:40:09.000000','Snack + Nước ngọt',14.53,4,'https://res.cloudinary.com/didvvefmu/image/upload/v1773940913/smalltrend/user-avatars/rcobnefh5bxxnhitbgdm.jpg',0,0,10,46800.00,6800.00,'ACTIVE',100,'snack',0,'2026-03-19 17:21:50.415131','2026-02-14','2026-02-28',2),(5,'CB-MILK-1','Combo Nước Tương',84000.00,'BUNDLE','2026-03-18 01:40:09.000000','',4.55,5,'https://res.cloudinary.com/didvvefmu/image/upload/v1773941306/smalltrend/user-avatars/bmbsduhekrndip7f73uu.jpg',0,0,10,88000.00,4000.00,'ACTIVE',100,'milk,family',0,'2026-03-19 17:28:22.847343','2026-02-01','2026-12-31',1),(6,'CB-NOODLE-1','Combo Mì Tiết Kiệm',39000.00,'DISCOUNT','2026-03-18 01:40:09.000000','Mì Acecook + Mì Omachi\n',10.34,6,'https://res.cloudinary.com/didvvefmu/image/upload/v1773941731/smalltrend/user-avatars/sjwafuigae05bs83vsyg.jpg',0,0,10,43500.00,4500.00,'ACTIVE',150,'noodle,combo',0,'2026-03-19 17:53:31.362532','2026-02-01','2026-12-31',1),(9,'CB-SUMMER-1','Combo Mùa Hè',60000.00,'SUMMER','2026-03-18 01:40:09.000000','Pepsi + Coca + Snack',10.18,9,'https://res.cloudinary.com/didvvefmu/image/upload/v1773942104/smalltrend/user-avatars/xr8eanwle2ctfrites4q.jpg',0,0,10,66800.00,6800.00,'ACTIVE',200,'summer,drink',0,'2026-03-19 17:41:41.199506','2026-04-01','2026-08-31',1);


-- PRODUCT COMBO ITEMS
INSERT INTO `product_combo_items` VALUES (37,0,0,0,2,1,NULL,2,2,4),(38,0,0,0,1,1,NULL,1,2,5),(41,0,0,0,1,1,NULL,1,3,1),(42,0,0,0,1,1,NULL,1,3,13),(43,0,0,0,2,1,NULL,2,1,5),(44,0,0,0,1,1,NULL,1,1,17),(45,0,0,0,4,1,NULL,4,1,10),(46,0,0,0,2,1,NULL,2,4,5),(47,0,0,0,2,1,NULL,2,4,4),(48,0,0,0,1,1,NULL,1,5,6),(49,0,0,0,1,1,NULL,1,5,14),(50,0,0,0,1,1,NULL,1,5,20),(51,0,0,0,1,1,NULL,1,5,23),(54,0,0,0,2,1,NULL,2,9,4),(55,0,0,0,2,1,NULL,2,9,18),(56,0,0,0,2,1,NULL,2,9,5),(57,0,0,0,3,1,NULL,3,6,12),(58,0,0,0,3,1,NULL,3,6,13);

-- 17. CASH REGISTERS
INSERT INTO `cash_registers` VALUES (1,'2026-03-18 01:40:09.000000',5000000.00,'DEV-POS-001',NULL,NULL,'Front Counter',NULL,NULL,2000000.00,'POS-001','Quầy 1','MAIN','2026-03-18 01:40:09.000000','ACTIVE','SmallTrend Store',NULL,NULL,NULL,0,'2026-03-18 01:40:09.000000',NULL,3),(2,'2026-03-18 01:40:09.000000',3000000.00,'DEV-POS-002',NULL,NULL,'Express Counter',NULL,NULL,1000000.00,'POS-002','Quầy 2','EXPRESS',NULL,'ACTIVE','SmallTrend Store',NULL,NULL,NULL,0,'2026-03-18 01:40:09.000000',NULL,NULL);

-- 18. SALE ORDERS (2026)
INSERT INTO `sale_orders` VALUES (1,'2026-02-24 09:30:00.000000',0.00,'Đơn mua nhanh buổi sáng','SO-20260224-001','2026-02-24 09:30:00.000000','CASH','COMPLETED',49000.00,4900.00,53900.00,'2026-02-24 09:31:00.000000',1,3,2),(2,'2026-02-24 19:20:00.000000',5000.00,'Khách thành viên đổi điểm','SO-20260224-002','2026-02-24 19:20:00.000000','CARD','COMPLETED',93000.00,9300.00,97300.00,'2026-02-24 19:23:00.000000',1,3,1),(3,'2026-02-25 20:10:00.000000',0.00,'Hoàn tiền 1 phần do sản phẩm lỗi','SO-20260225-001','2026-02-25 20:10:00.000000','MOMO','REFUNDED',32000.00,3200.00,35200.00,'2026-02-25 21:00:00.000000',2,3,3),(4,'2026-03-18 01:40:09.000000',0.00,'Migrated from legacy sales_orders','SO-LEG-20240220-001','2024-02-20 10:30:00.000000','CASH','COMPLETED',175000.00,0.00,175000.00,'2026-03-18 01:40:09.000000',1,3,1),(5,'2026-03-18 01:40:09.000000',0.00,'Migrated from legacy sales_orders','SO-LEG-20240221-002','2024-02-21 14:15:00.000000','CREDIT_CARD','COMPLETED',95000.00,0.00,95000.00,'2026-03-18 01:40:09.000000',1,3,2),(6,'2026-03-18 01:40:09.000000',0.00,'Migrated from legacy sales_orders','SO-LEG-20240222-003','2024-02-22 09:45:00.000000','BANK_TRANSFER','COMPLETED',58000.00,0.00,58000.00,'2026-03-18 01:40:09.000000',1,5,3),(7,'2026-03-18 01:40:09.000000',0.00,'Migrated from legacy sales_orders','SO-LEG-20240223-004','2024-02-23 16:20:00.000000','CASH','COMPLETED',120000.00,0.00,120000.00,'2026-03-18 01:40:09.000000',2,3,4),(8,'2026-03-18 01:40:09.000000',0.00,'Migrated from legacy sales_orders','SO-LEG-20240224-005','2024-02-24 11:10:00.000000','QR_CODE','COMPLETED',67000.00,0.00,67000.00,'2026-03-18 01:40:09.000000',2,5,4),(9,'2026-03-18 01:40:09.000000',0.00,'Migrated from legacy purchase_history','SO-PH-001','2026-02-24 09:30:00.000000','CASH','COMPLETED',48000.00,0.00,48000.00,'2026-03-18 01:40:09.000000',1,3,1),(10,'2026-03-18 01:40:09.000000',0.00,'Migrated from legacy purchase_history','SO-PH-002','2026-02-24 19:20:00.000000','CARD','COMPLETED',95000.00,0.00,95000.00,'2026-03-18 01:40:09.000000',1,3,2),(11,'2026-03-18 01:40:09.000000',0.00,'Migrated from legacy purchase_history','SO-PH-003','2026-02-25 20:10:00.000000','MOMO','COMPLETED',30000.00,0.00,30000.00,'2026-03-18 01:40:09.000000',2,3,3),(12,'2026-03-18 01:40:09.000000',0.00,'Migrated from legacy purchase_history','SO-PH-004','2026-02-26 10:15:00.000000','CASH','COMPLETED',25000.00,0.00,25000.00,'2026-03-18 01:40:09.000000',1,3,1),(13,'2026-03-18 01:40:09.000000',0.00,'Migrated from legacy purchase_history','SO-PH-005','2026-02-26 14:30:00.000000','CASH','COMPLETED',92000.00,0.00,92000.00,'2026-03-18 01:40:09.000000',2,3,4),(14,'2026-03-18 01:40:09.000000',0.00,'Migrated from legacy purchase_history','SO-PH-006','2026-02-27 08:45:00.000000','MOMO','COMPLETED',51000.00,0.00,51000.00,'2026-03-18 01:40:09.000000',1,3,2),(15,'2026-03-18 01:40:09.000000',0.00,'Migrated from legacy purchase_history','SO-PH-007','2026-02-27 15:20:00.000000','CARD','COMPLETED',165000.00,0.00,165000.00,'2026-03-18 01:40:09.000000',2,3,3),(16,'2026-03-18 01:40:09.000000',0.00,'Migrated from legacy purchase_history','SO-PH-008','2026-02-27 20:00:00.000000','CASH','COMPLETED',40000.00,0.00,40000.00,'2026-03-18 01:40:09.000000',1,3,1),(17,'2026-03-18 01:40:09.000000',0.00,'Migrated from legacy purchase_history','SO-PH-009','2026-02-28 09:10:00.000000','CARD','COMPLETED',95000.00,0.00,95000.00,'2026-03-18 01:40:09.000000',2,3,4),(18,'2026-03-18 01:40:09.000000',0.00,'Migrated from legacy purchase_history','SO-PH-010','2026-02-28 16:30:00.000000','CASH','COMPLETED',72000.00,0.00,72000.00,'2026-03-18 01:40:09.000000',2,3,3),(19,'2026-03-01 09:15:00.000000',0.00,'Đơn sáng đầu tháng 3','SO-20260301-001','2026-03-01 09:15:00.000000','CASH','COMPLETED',62000.00,6200.00,68200.00,'2026-03-01 09:16:00.000000',1,3,1),(20,'2026-03-01 14:50:00.000000',0.00,'Khách mua số lượng lớn','SO-20260301-002','2026-03-01 14:50:00.000000','CARD','COMPLETED',105000.00,10500.00,115500.00,'2026-03-01 14:52:00.000000',2,4,4),(21,'2026-03-02 10:30:00.000000',0.00,'Đơn thanh toán ví điện tử','SO-20260302-001','2026-03-02 10:30:00.000000','MOMO','COMPLETED',45000.00,4500.00,49500.00,'2026-03-02 10:31:00.000000',1,3,2),(22,'2026-03-02 18:20:00.000000',0.00,'Đơn chiều tối','SO-20260302-002','2026-03-02 18:20:00.000000','CASH','COMPLETED',88000.00,8800.00,96800.00,'2026-03-02 18:22:00.000000',2,4,3),(23,'2026-03-03 08:45:00.000000',0.00,'Đơn sáng sớm','SO-20260303-001','2026-03-03 08:45:00.000000','CASH','COMPLETED',53000.00,5300.00,58300.00,'2026-03-03 08:46:00.000000',1,3,1),(24,'2026-03-18 01:40:09.000000',0.00,'Đơn hôm nay - sáng sớm','SO-20260304-001','2026-03-18 01:40:09.000000','CASH','COMPLETED',37000.00,3700.00,40700.00,'2026-03-18 01:40:09.000000',1,3,2),(25,'2026-03-18 01:40:09.000000',5000.00,'Đơn hôm nay - khách thành viên','SO-20260304-002','2026-03-18 01:40:09.000000','CARD','COMPLETED',93000.00,9300.00,97300.00,'2026-03-18 01:40:09.000000',2,4,1),(26,'2026-03-18 01:40:09.000000',0.00,'Đơn hôm nay - mua nhiều mặt hàng','SO-20260304-003','2026-03-18 01:40:09.000000','MOMO','COMPLETED',126000.00,12600.00,138600.00,'2026-03-18 01:40:09.000000',1,3,4),(27,'2026-03-18 01:40:09.000000',0.00,'Đơn hôm nay - buổi chiều','SO-20260304-004','2026-03-18 01:40:09.000000','CASH','COMPLETED',48000.00,4800.00,52800.00,'2026-03-18 01:40:09.000000',2,4,3);




-- Legacy sales_orders migrated to sale_orders


-- Purchase history migrated to additional sale_orders


-- March 2026 orders (past days + today)


-- 19. SALE ORDER ITEMS
INSERT INTO `sale_order_items` VALUES (1,0.00,2400.00,26400.00,NULL,'Coca Cola 330ml',2,'COCA-330ML',12000.00,1,4),(2,0.00,2400.00,26400.00,NULL,'Oishi Snack',3,'OISHI-50G',8000.00,1,5),(3,2000.00,4800.00,52800.00,NULL,'Fresh Milk 1L',2,'VMILK-1L',25000.00,2,1),(4,3000.00,4500.00,46500.00,NULL,'Nescafe 3in1',1,'NESCAFE-200G',45000.00,2,3),(5,0.00,3000.00,33000.00,'1 sản phẩm bị lỗi vỏ hộp','Dove Soap 90g',2,'DOVE-90G',15000.00,3,2),(6,0.00,0.00,175000.00,'Migrated from legacy sales_order_items','Fresh Milk 1L',7,'VMILK-1L',25000.00,4,1),(7,0.00,0.00,95000.00,'Migrated from legacy sales_order_items','Dove Soap 90g',4,'DOVE-90G',23750.00,5,2),(8,0.00,0.00,57999.96,'Migrated from legacy sales_order_items','Nescafe 3in1',12,'NESCAFE-200G',4833.33,6,3),(9,0.00,0.00,120000.00,'Migrated from legacy sales_order_items','Coca Cola 330ml',10,'COCA-330ML',12000.00,7,4),(10,0.00,0.00,67000.00,'Migrated from legacy sales_order_items','Oishi Snack',5,'OISHI-50G',13400.00,8,5),(11,0.00,0.00,24000.00,NULL,'Coca Cola 330ml',2,'COCA-330ML',12000.00,9,4),(12,0.00,0.00,24000.00,NULL,'Oishi Snack',3,'OISHI-50G',8000.00,9,5),(13,0.00,0.00,50000.00,NULL,'Fresh Milk 1L',2,'VMILK-1L',25000.00,10,1),(14,0.00,0.00,45000.00,NULL,'Nescafe 3in1',1,'NESCAFE-200G',45000.00,10,3),(15,0.00,0.00,30000.00,NULL,'Dove Soap 90g',2,'DOVE-90G',15000.00,11,2),(16,0.00,0.00,25000.00,NULL,'Fresh Milk 1L',1,'VMILK-1L',25000.00,12,1),(17,0.00,0.00,60000.00,NULL,'Coca Cola 330ml',5,'COCA-330ML',12000.00,13,4),(18,0.00,0.00,32000.00,NULL,'Oishi Snack',4,'OISHI-50G',8000.00,13,5),(19,0.00,0.00,36000.00,NULL,'Coca Cola 330ml',3,'COCA-330ML',12000.00,14,4),(20,0.00,0.00,15000.00,NULL,'Dove Soap 90g',1,'DOVE-90G',15000.00,14,2),(21,0.00,0.00,75000.00,NULL,'Fresh Milk 1L',3,'VMILK-1L',25000.00,15,1),(22,0.00,0.00,90000.00,NULL,'Nescafe 3in1',2,'NESCAFE-200G',45000.00,15,3),(23,0.00,0.00,40000.00,NULL,'Oishi Snack',5,'OISHI-50G',8000.00,16,5),(24,0.00,0.00,50000.00,NULL,'Fresh Milk 1L',2,'VMILK-1L',25000.00,17,1),(25,0.00,0.00,45000.00,NULL,'Dove Soap 90g',3,'DOVE-90G',15000.00,17,2),(26,0.00,0.00,72000.00,NULL,'Coca Cola 330ml',6,'COCA-330ML',12000.00,18,4);

-- 20. SALE ORDER HISTORIES
INSERT INTO `sale_order_histories` VALUES (1,'CREATED','Khởi tạo đơn tại POS-001','2026-02-24 09:30:00.000000',NULL,'PENDING',3,1),(2,'PAYMENT_SUCCESS','Thanh toán tiền mặt thành công','2026-02-24 09:31:00.000000','PENDING','COMPLETED',3,1),(3,'CREATED','Khởi tạo đơn tại POS-001','2026-02-24 19:20:00.000000',NULL,'PENDING',3,2),(4,'PAYMENT_SUCCESS','Thanh toán thẻ thành công','2026-02-24 19:23:00.000000','PENDING','COMPLETED',3,2),(5,'CREATED','Khởi tạo đơn tại POS-002','2026-02-25 20:10:00.000000',NULL,'PENDING',3,3),(6,'PAYMENT_SUCCESS','Thanh toán ví điện tử thành công','2026-02-25 20:15:00.000000','PENDING','COMPLETED',3,3),(7,'REFUND_PARTIAL','Khách trả lại sản phẩm lỗi','2026-02-25 21:00:00.000000','COMPLETED','REFUNDED',2,3);

-- 20.1 CASH TRANSACTIONS
INSERT INTO `cash_transactions` VALUES (1,53900.00,'2026-02-24 09:35:00.000000',5053900.00,5000000.00,'2026-03-18 01:40:09.000000','Thu tiền mặt từ đơn SO-20260224-001','Đã đối soát cuối ca','SALE',NULL,'COMPLETED','CT-20260224-001','2026-02-24 09:31:00.000000','CASH_IN','2026-03-18 01:40:09.000000',2,1,3,1),(2,15000.00,'2026-02-25 21:05:00.000000',2985000.00,3000000.00,'2026-03-18 01:40:09.000000','Hoàn tiền mặt 1 phần cho đơn SO-20260225-001','Refund do sản phẩm lỗi','REFUND',NULL,'COMPLETED','CT-20260225-001','2026-02-25 21:00:00.000000','CASH_OUT','2026-03-18 01:40:09.000000',2,2,3,3);

-- 20.2 COUPON USAGE
INSERT INTO `coupon_usage` VALUES (1,'2026-02-24 19:20:00.000000',NULL,'2026-03-18 01:40:09.000000',5000.00,102300.00,'2026-02-24 19:23:00.000000','REDEEMED','2026-03-18 01:40:09.000000','USAGE-20260224-001',1,1,2),(2,'2026-02-25 20:10:00.000000','Đơn bị hoàn một phần, coupon không ghi nhận','2026-03-18 01:40:09.000000',0.00,35200.00,NULL,'CANCELLED','2026-03-18 01:40:09.000000','USAGE-20260225-001',2,3,3);

-- 20.3 LOYALTY TRANSACTIONS
INSERT INTO `loyalty_transactions` VALUES (1,800,746,'2026-03-18 01:40:09.000000','Tích điểm từ đơn SO-20260224-001','2027-02-24 23:59:59.000000',53900.00,54,1.00,'PURCHASE','COMPLETED','LT-20260224-001','2026-02-24 09:32:00.000000','EARN','2026-03-18 01:40:09.000000',2,3,1),(2,150,53,'2026-03-18 01:40:09.000000','Tích điểm từ đơn SO-20260224-002','2027-02-24 23:59:59.000000',97300.00,97,1.00,'PURCHASE','COMPLETED','LT-20260224-002','2026-02-24 19:24:00.000000','EARN','2026-03-18 01:40:09.000000',1,3,2),(3,18,0,'2026-03-18 01:40:09.000000','Migrated from legacy loyalty_history','2025-02-20 23:59:59.000000',175000.00,18,1.00,'PURCHASE','COMPLETED','LT-LEG-001','2024-02-20 10:31:00.000000','EARN','2026-03-18 01:40:09.000000',1,3,4),(4,10,0,'2026-03-18 01:40:09.000000','Migrated from legacy loyalty_history','2025-02-21 23:59:59.000000',95000.00,10,1.00,'PURCHASE','COMPLETED','LT-LEG-002','2024-02-21 14:16:00.000000','EARN','2026-03-18 01:40:09.000000',2,3,5),(5,6,0,'2026-03-18 01:40:09.000000','Migrated from legacy loyalty_history','2025-02-22 23:59:59.000000',58000.00,6,1.00,'PURCHASE','COMPLETED','LT-LEG-003','2024-02-22 09:46:00.000000','EARN','2026-03-18 01:40:09.000000',3,5,6),(6,12,0,'2026-03-18 01:40:09.000000','Migrated from legacy loyalty_history','2025-02-23 23:59:59.000000',120000.00,12,1.00,'PURCHASE','COMPLETED','LT-LEG-004','2024-02-23 16:21:00.000000','EARN','2026-03-18 01:40:09.000000',4,3,7),(7,7,0,'2026-03-18 01:40:09.000000','Migrated from legacy loyalty_history','2025-02-24 23:59:59.000000',67000.00,7,1.00,'PURCHASE','COMPLETED','LT-LEG-005','2024-02-24 11:11:00.000000','EARN','2026-03-18 01:40:09.000000',4,5,8);

-- 21. TICKETS
INSERT INTO `tickets` VALUES (1,NULL,'Nhân viên A muốn đổi ca sáng sang ca chiều với nhân viên B do có lịch cá nhân','NORMAL',1,'WorkShift',NULL,NULL,'OPEN','TCK-SWAP-001','SWAP_SHIFT','Swap shift ngày 15/02 - Ca sáng <-> Ca chiều',NULL,3,2,NULL),(2,NULL,'Bàn giao ca tối: Quầy 1 có 2,500,000 VND trong két, 15 giao dịch hoàn tất, cần kiểm kê lại kệ đồ uống','HIGH',1,'CashRegister','Đã bàn giao thành công. Nhân viên ca tối xác nhận đã nhận đầy đủ tiền mặt và ghi chú','2026-02-21 22:00:00.000000','RESOLVED','TCK-HAND-001','HANDOVER','Bàn giao ca tối 14/02/2026',NULL,3,2,2),(3,NULL,'Khách hàng mua nhầm sản phẩm, yêu cầu hoàn tiền. Sản phẩm còn nguyên seal, trong thời hạn đổi trả','URGENT',1,'Order',NULL,NULL,'IN_PROGRESS','TCK-REF-001','REFUND','Hoàn tiền đơn hàng ORD-2026-001',NULL,1,2,NULL),(4,NULL,'Khách hàng phàn nàn sữa hết hạn sử dụng. Cần kiểm tra lại quy trình kiểm kê','HIGH',1,'Product',NULL,NULL,'OPEN','TCK-COMP-001','COMPLAINT','Khiếu nại về chất lượng sản phẩm',NULL,1,3,NULL),(5,'2026-03-19 13:39:45.436969','[Khách hàng: Huy - SĐT: 0961390488]\nBị rỉ nước','HIGH',1,'Order',NULL,NULL,'IN_PROGRESS','TCK-REF-002','REFUND','Coca bị lỗi','2026-03-19 13:39:45.436969',3,3,NULL),(6,'2026-03-19 13:40:58.065490','[Khách hàng: Huy - SĐT: 09613690486]\ns','HIGH',1,'Order','','2026-03-19 13:48:02.457219','RESOLVED','TCK-REF-003','REFUND','CoCa','2026-03-19 13:48:02.460728',3,3,NULL),(7,'2026-03-19 14:16:12.031860','[Khách hàng: Huy - SĐT: 0961390486]\nKeo het han\n[REFUND_SKU=SNACK-CHUP-KEOMUT-GOI30C]\n[REFUND_QTY=10]','NORMAL',1,'Product',NULL,NULL,'IN_PROGRESS','TCK-REF-004','REFUND','San pham loi','2026-03-19 14:16:12.031860',3,3,NULL),(8,'2026-03-19 14:17:09.302517','[Khách hàng: Huy - SĐT: 0961390486]\nddd\n[REFUND_SKU=SNACK-CHUP-KEOMUT-GOI30C]\n[REFUND_QTY=10]','HIGH',1,'Product','','2026-03-19 14:17:18.444081','RESOLVED','TCK-REF-005','REFUND','Sanr pham loi','2026-03-19 14:17:18.461675',3,3,NULL);

-- 22. USER CREDENTIALS
INSERT INTO `user_credentials` VALUES (1,'$2a$10$dXJ3SW6G7P50lGmMkkmwe.20cQQubK3.HZWzG3YB1tlRy.fqvM/BG','admin',1),(2,'$2a$10$dXJ3SW6G7P50lGmMkkmwe.20cQQubK3.HZWzG3YB1tlRy.fqvM/BG','manager',2),(3,'$2a$10$dXJ3SW6G7P50lGmMkkmwe.20cQQubK3.HZWzG3YB1tlRy.fqvM/BG','cashier1',3),(4,'$2a$10$dXJ3SW6G7P50lGmMkkmwe.20cQQubK3.HZWzG3YB1tlRy.fqvM/BG','cashier2',4),(5,'$2a$10$dXJ3SW6G7P50lGmMkkmwe.20cQQubK3.HZWzG3YB1tlRy.fqvM/BG','inventory1',5),(6,'$2a$10$dXJ3SW6G7P50lGmMkkmwe.20cQQubK3.HZWzG3YB1tlRy.fqvM/BG','sales1',6),(7,'$2a$10$dXJ3SW6G7P50lGmMkkmwe.20cQQubK3.HZWzG3YB1tlRy.fqvM/BG','sales2',7),(8,'$2a$10$ZqwnXGrEww3EG9iVpCg/E.m55OspUop27kPD2fnl.lFrQ39eE93xa','kien',8),(9,'$2a$10$8EMiqVj9/7I/EdZrI1qw3uRi6tSGs1N2pXtwOqa9YhnwHFvJ2ZmL.','hung',9);

-- 23. ATTENDANCE (Auto-tracked based on employee login/logout)
-- 23. ATTENDANCE (Auto-tracked based on employee login/logout)
INSERT INTO `attendance` (`id`,`date`,`status`,`time_in`,`time_out`,`user_id`,`assignment_id_snapshot`,`shift_end_snapshot`,`shift_id_snapshot`,`shift_name_snapshot`,`shift_start_snapshot`,`shift_working_minutes_snapshot`) VALUES (1,'2026-02-24','PRESENT','08:01:00.000000','17:03:00.000000',1,1,'17:00:00.000000',1,'Ca Sáng','08:00:00.000000',NULL),(2,'2026-02-25','LATE','08:12:00.000000','17:00:00.000000',1,2,'17:00:00.000000',1,'Ca Sáng','08:00:00.000000',NULL),(3,'2026-02-26','PRESENT','08:00:00.000000','17:02:00.000000',1,3,'17:00:00.000000',1,'Ca Sáng','08:00:00.000000',NULL),(4,'2026-02-27','PRESENT','08:05:00.000000',NULL,1,4,'17:00:00.000000',1,'Ca Sáng','08:00:00.000000',NULL),(5,'2026-02-26','PRESENT','08:00:00.000000','17:02:00.000000',1,3,'17:00:00.000000',1,'Ca Sáng','08:00:00.000000',NULL),(6,'2026-02-27','PRESENT','08:05:00.000000',NULL,1,4,'17:00:00.000000',1,'Ca Sáng','08:00:00.000000',NULL),(7,'2026-02-24','PRESENT','13:00:00.000000','22:05:00.000000',2,12,'22:00:00.000000',2,'Ca Chiều','13:00:00.000000',NULL),(8,'2026-02-25','LATE','13:25:00.000000','22:00:00.000000',2,13,'22:00:00.000000',2,'Ca Chiều','13:00:00.000000',NULL),(9,'2026-02-26','PRESENT','13:00:00.000000','22:03:00.000000',2,14,'22:00:00.000000',2,'Ca Chiều','13:00:00.000000',NULL),(10,'2026-02-27','PRESENT','13:00:00.000000',NULL,2,15,'22:00:00.000000',2,'Ca Chiều','13:00:00.000000',NULL),(11,'2026-02-24','PRESENT','08:00:00.000000','17:01:00.000000',3,5,'17:00:00.000000',1,'Ca Sáng','08:00:00.000000',NULL),(12,'2026-02-25','LATE','08:20:00.000000','17:00:00.000000',3,6,'17:00:00.000000',1,'Ca Sáng','08:00:00.000000',NULL),(13,'2026-02-26','PRESENT','08:00:00.000000','17:00:00.000000',3,7,'17:00:00.000000',1,'Ca Sáng','08:00:00.000000',NULL),(14,'2026-02-27','ABSENT',NULL,NULL,3,8,'17:00:00.000000',1,'Ca Sáng','08:00:00.000000',NULL),(15,'2026-02-24','PRESENT','13:00:00.000000','22:02:00.000000',4,16,'22:00:00.000000',2,'Ca Chiều','13:00:00.000000',NULL),(16,'2026-02-25','LATE','13:30:00.000000','22:00:00.000000',4,17,'22:00:00.000000',2,'Ca Chiều','13:00:00.000000',NULL),(17,'2026-02-26','PRESENT','13:00:00.000000','22:01:00.000000',4,18,'22:00:00.000000',2,'Ca Chiều','13:00:00.000000',NULL),(18,'2026-02-27','PRESENT','13:00:00.000000',NULL,4,19,'22:00:00.000000',2,'Ca Chiều','13:00:00.000000',NULL),(19,'2026-02-24','PRESENT','08:00:00.000000','17:02:00.000000',5,9,'17:00:00.000000',1,'Ca Sáng','08:00:00.000000',NULL),(20,'2026-02-25','PRESENT','08:00:00.000000','17:00:00.000000',5,10,'17:00:00.000000',1,'Ca Sáng','08:00:00.000000',NULL),(21,'2026-02-26','LATE','08:15:00.000000','17:00:00.000000',5,11,'17:00:00.000000',1,'Ca Sáng','08:00:00.000000',NULL),(22,'2026-02-24','PRESENT','09:00:00.000000','18:01:00.000000',6,NULL,NULL,NULL,NULL,NULL,NULL),(23,'2026-02-25','PRESENT','09:00:00.000000','18:00:00.000000',6,NULL,NULL,NULL,NULL,NULL,NULL),(24,'2026-02-26','PRESENT','09:05:00.000000','18:02:00.000000',6,22,'23:00:00.000000',3,'Ca Tối','18:00:00.000000',NULL),(25,'2026-02-24','PRESENT','09:00:00.000000','18:00:00.000000',7,NULL,NULL,NULL,NULL,NULL,NULL),(26,'2026-02-25','LATE','09:15:00.000000','18:01:00.000000',7,NULL,NULL,NULL,NULL,NULL,NULL),(27,'2026-02-26','PRESENT','09:00:00.000000','18:00:00.000000',7,NULL,NULL,NULL,NULL,NULL,NULL),(28,'2026-03-01','PRESENT','09:00:00.000000','18:02:00.000000',1,37,'18:00:00.000000',4,'Ca Cuối Tuần','09:00:00.000000',NULL),(29,'2026-03-01','PRESENT','13:51:00.000000',NULL,3,38,'18:00:00.000000',4,'Ca Cuối Tuần','09:00:00.000000',NULL),(30,'2026-03-01','LATE','09:10:00.000000','18:00:00.000000',6,39,'18:00:00.000000',4,'Ca Cuối Tuần','09:00:00.000000',NULL),(31,'2026-03-02','PRESENT','08:01:00.000000','17:05:00.000000',1,30,'17:00:00.000000',1,'Ca Sáng','08:00:00.000000',NULL),(32,'2026-03-02','PRESENT','13:03:00.000000','22:01:00.000000',2,31,'22:00:00.000000',2,'Ca Chiều','13:00:00.000000',NULL),(33,'2026-03-02','LATE','08:11:00.000000','17:00:00.000000',3,32,'17:00:00.000000',1,'Ca Sáng','08:00:00.000000',NULL),(34,'2026-03-02','PRESENT','13:00:00.000000','22:03:00.000000',4,33,'22:00:00.000000',2,'Ca Chiều','13:00:00.000000',NULL),(35,'2026-03-02','PRESENT','08:05:00.000000','17:02:00.000000',5,34,'17:00:00.000000',1,'Ca Sáng','08:00:00.000000',NULL),(36,'2026-03-02','PRESENT','18:02:00.000000','23:00:00.000000',6,35,'23:00:00.000000',3,'Ca Tối','18:00:00.000000',NULL),(37,'2026-03-02','ABSENT',NULL,NULL,7,36,'17:00:00.000000',1,'Ca Sáng','08:00:00.000000',NULL),(38,'2026-03-03','PRESENT','08:00:00.000000','17:04:00.000000',1,40,'17:00:00.000000',1,'Ca Sáng','08:00:00.000000',NULL),(39,'2026-03-03','PRESENT','13:05:00.000000','22:00:00.000000',2,41,'22:00:00.000000',2,'Ca Chiều','13:00:00.000000',NULL),(40,'2026-03-03','PRESENT','08:06:00.000000','17:00:00.000000',3,42,'17:00:00.000000',1,'Ca Sáng','08:00:00.000000',NULL),(41,'2026-03-03','LATE','13:16:00.000000','22:00:00.000000',4,43,'22:00:00.000000',2,'Ca Chiều','13:00:00.000000',NULL),(42,'2026-03-03','PRESENT','08:00:00.000000','17:00:00.000000',5,44,'17:00:00.000000',1,'Ca Sáng','08:00:00.000000',NULL),(43,'2026-03-03','PRESENT','18:00:00.000000','23:08:00.000000',6,45,'23:00:00.000000',3,'Ca Tối','18:00:00.000000',NULL),(44,'2026-03-03','LATE','08:10:00.000000','17:00:00.000000',7,46,'17:00:00.000000',1,'Ca Sáng','08:00:00.000000',NULL),(45,'2026-03-04','PRESENT','08:03:00.000000','17:01:00.000000',1,47,'17:00:00.000000',1,'Ca Sáng','08:00:00.000000',NULL),(46,'2026-03-04','LATE','13:22:00.000000','22:00:00.000000',2,48,'22:00:00.000000',2,'Ca Chiều','13:00:00.000000',NULL),(47,'2026-03-04','PRESENT','08:00:00.000000','17:12:00.000000',3,49,'17:00:00.000000',1,'Ca Sáng','08:00:00.000000',NULL),(48,'2026-03-04','ABSENT',NULL,NULL,4,50,'22:00:00.000000',2,'Ca Chiều','13:00:00.000000',NULL),(49,'2026-03-04','PRESENT','08:08:00.000000','17:00:00.000000',5,51,'17:00:00.000000',1,'Ca Sáng','08:00:00.000000',NULL),(50,'2026-03-04','PRESENT','18:01:00.000000','23:00:00.000000',6,52,'23:00:00.000000',3,'Ca Tối','18:00:00.000000',NULL),(51,'2026-03-04','PRESENT','08:00:00.000000','17:03:00.000000',7,53,'17:00:00.000000',1,'Ca Sáng','08:00:00.000000',NULL),(52,'2026-03-05','PRESENT','08:02:00.000000','17:00:00.000000',1,54,'17:00:00.000000',1,'Ca Sáng','08:00:00.000000',NULL),(53,'2026-03-05','PRESENT','13:00:00.000000','22:06:00.000000',2,55,'22:00:00.000000',2,'Ca Chiều','13:00:00.000000',NULL),(54,'2026-03-05','LATE','08:12:00.000000','17:00:00.000000',3,56,'17:00:00.000000',1,'Ca Sáng','08:00:00.000000',NULL),(55,'2026-03-05','PRESENT','13:00:00.000000','22:01:00.000000',4,57,'22:00:00.000000',2,'Ca Chiều','13:00:00.000000',NULL),(56,'2026-03-05','PRESENT','08:00:00.000000','17:05:00.000000',5,58,'17:00:00.000000',1,'Ca Sáng','08:00:00.000000',NULL),(57,'2026-03-05','ABSENT',NULL,NULL,6,59,'23:00:00.000000',3,'Ca Tối','18:00:00.000000',NULL),(58,'2026-03-05','PRESENT','08:04:00.000000','17:00:00.000000',7,60,'17:00:00.000000',1,'Ca Sáng','08:00:00.000000',NULL),(59,'2026-03-06','PRESENT','08:01:00.000000','17:02:00.000000',1,61,'17:00:00.000000',1,'Ca Sáng','08:00:00.000000',NULL),(60,'2026-03-06','LATE','13:09:00.000000','22:00:00.000000',2,62,'22:00:00.000000',2,'Ca Chiều','13:00:00.000000',NULL),(61,'2026-03-06','PRESENT','08:00:00.000000','17:01:00.000000',3,63,'17:00:00.000000',1,'Ca Sáng','08:00:00.000000',NULL),(62,'2026-03-06','PRESENT','13:00:00.000000','22:00:00.000000',4,64,'22:00:00.000000',2,'Ca Chiều','13:00:00.000000',NULL),(63,'2026-03-06','PRESENT','08:06:00.000000','17:00:00.000000',5,65,'17:00:00.000000',1,'Ca Sáng','08:00:00.000000',NULL),(64,'2026-03-06','ABSENT',NULL,NULL,6,66,'23:00:00.000000',3,'Ca Tối','18:00:00.000000',NULL),(65,'2026-03-06','PRESENT','08:03:00.000000','17:00:00.000000',7,67,'17:00:00.000000',1,'Ca Sáng','08:00:00.000000',NULL),(66,'2026-03-18','PRESENT','04:58:00.000000',NULL,3,NULL,NULL,NULL,NULL,NULL,NULL),(67,'2026-03-18','PRESENT','04:58:00.000000',NULL,3,NULL,NULL,NULL,NULL,NULL,NULL),(68,'2026-03-18','PRESENT','05:13:00.000000',NULL,5,NULL,NULL,NULL,NULL,NULL,NULL),(69,'2026-03-18','PRESENT','05:13:00.000000',NULL,5,NULL,NULL,NULL,NULL,NULL,NULL),(70,'2026-03-19','PRESENT','21:35:00.000000',NULL,3,NULL,NULL,NULL,NULL,NULL,NULL),(71,'2026-03-19','PRESENT','21:35:00.000000',NULL,3,NULL,NULL,NULL,NULL,NULL,NULL);

-- 24. SALARY CONFIGS (Per-employee base salary configuration with flexible types)
-- Each employee has individual salary setup - Manager can modify base salary for each person
-- Supports both HOURLY and MONTHLY salary types
-- 24. SALARY CONFIGS (Per-employee base salary configuration with flexible types)
-- Each employee has individual salary setup - Manager can modify base salary for each person
-- Supports both HOURLY and MONTHLY salary types
INSERT INTO `salary_configs`
(`id`,`allowances`,`base_salary`,`bonus_percentage`,`created_at`,`effective_from`,`effective_until`,`hourly_rate`,`is_active`,`notes`,`overtime_rate_multiplier`,`salary_type`,`updated_at`,`user_id`,`count_late_as_present`,`min_required_shifts`,`working_hours_per_month`)
VALUES
(1,1500000.00,30000000.00,5.00,'2026-03-18 01:40:09.000000','2026-01-01 00:00:00.000000',NULL,NULL,0,'Quản lý toàn hệ thống - Lương cố định hàng tháng',1.50,'MONTHLY','2026-03-18 01:40:09.000000',1,0,NULL,208.00),
(2,1000000.00,18000000.00,3.00,'2026-03-18 01:40:09.000000','2026-01-01 00:00:00.000000',NULL,NULL,0,'Quản lý cửa hàng - Lương cố định hàng tháng',1.50,'MONTHLY','2026-03-18 01:40:09.000000',2,0,NULL,208.00),
(3,500000.00,13500000.00,1.00,'2026-03-18 01:40:09.000000','2026-01-01 00:00:00.000000',NULL,75000.00,0,'Thu ngân ca sáng - Lương theo giờ (Giờ thường: 75k/h, OT: 112.5k/h)',1.50,'HOURLY','2026-03-18 01:40:09.000000',3,0,NULL,208.00),
(4,500000.00,13200000.00,1.00,'2026-03-18 01:40:09.000000','2026-01-01 00:00:00.000000',NULL,72000.00,0,'Thu ngân ca chiều - Lương theo giờ (Giờ thường: 72k/h, OT: 108k/h)',1.50,'HOURLY','2026-03-18 01:40:09.000000',4,0,NULL,208.00),
(5,400000.00,13000000.00,1.00,'2026-03-18 01:40:09.000000','2026-01-01 00:00:00.000000',NULL,NULL,0,'Quản lý kho hàng - Lương cố định hàng tháng',1.50,'MONTHLY','2026-03-18 01:40:09.000000',5,0,NULL,208.00),
(6,450000.00,12600000.00,1.50,'2026-03-18 01:40:09.000000','2026-01-01 00:00:00.000000',NULL,70000.00,0,'Nhân viên bán hàng - Lương theo giờ (Giờ thường: 70k/h, OT: 105k/h)',1.50,'HOURLY','2026-03-18 01:40:09.000000',6,0,NULL,208.00),
(7,400000.00,12500000.00,1.50,'2026-03-18 01:40:09.000000','2026-01-01 00:00:00.000000',NULL,NULL,0,'Nhân viên bán hàng - Lương tháng, cần tối thiểu 20 ca công/tháng',1.50,'MONTHLY','2026-03-18 01:40:09.000000',7,0,20,208.00);

-- Mark one historical assignment as soft-deleted sample
UPDATE work_shift_assignments
SET is_deleted = TRUE, updated_at = NOW()
WHERE work_shift_id = 4 AND user_id = 7 AND shift_date = '2026-02-22';

-- Backfill attendance snapshots from assignments + shifts for payroll history safety
UPDATE attendance a
JOIN work_shift_assignments wsa
    ON wsa.user_id = a.user_id
 AND wsa.shift_date = a.date
 AND wsa.is_deleted = FALSE
JOIN work_shifts ws
    ON ws.id = wsa.work_shift_id
SET a.assignment_id_snapshot = wsa.id,
        a.shift_id_snapshot = ws.id,
        a.shift_name_snapshot = ws.shift_name,
        a.shift_start_snapshot = ws.start_time,
        a.shift_end_snapshot = ws.end_time,
        a.shift_working_minutes_snapshot = ws.working_minutes
WHERE a.assignment_id_snapshot IS NULL;

-- 25. PURCHASE ORDERS (Matching JPA PurchaseOrder schema)
-- Ensure DB enum status stays in sync with PurchaseOrderStatus.java
ALTER TABLE purchase_orders
MODIFY COLUMN status ENUM(
    'DRAFT',
    'PENDING',
    'CONFIRMED',
    'REJECTED',
    'CHECKING',
    'SHORTAGE_PENDING_APPROVAL',
    'SUPPLIER_SUPPLEMENT_PENDING',
    'RECEIVED',
    'ORDERED',
    'CANCELLED'
) NOT NULL DEFAULT 'DRAFT';

INSERT INTO `purchase_orders`
(`id`,`po_number`,`supplier_id`,`contract_id`,`created_by`,`location_id`,`order_date`,`expected_delivery_date`,`actual_delivery_date`,`status`,`subtotal`,`tax_amount`,`tax_percent`,`discount_amount`,`shipping_fee`,`paid_amount`,`total_amount`,`notes`,`rejection_reason`,`shortage_reason`,`shortage_submitted_at`,`manager_decision`,`manager_decision_note`,`manager_decided_at`,`created_at`,`updated_at`)
VALUES
(1,'PO-2024-001',2,NULL,1,NULL,'2024-01-10',NULL,NULL,'RECEIVED',5000000.00,0.00,NULL,0.00,NULL,NULL,5000000.00,'Migrated from legacy purchase_orders',NULL,NULL,NULL,NULL,NULL,NULL,'2026-03-18 01:40:09.000000','2026-03-18 01:40:09.000000'),
(2,'PO-2024-002',2,NULL,2,NULL,'2024-01-15',NULL,NULL,'RECEIVED',3500000.00,0.00,NULL,0.00,NULL,NULL,3500000.00,'Migrated from legacy purchase_orders',NULL,NULL,NULL,NULL,NULL,NULL,'2026-03-18 01:40:09.000000','2026-03-18 01:40:09.000000'),
(3,'PO-2024-004',4,NULL,4,NULL,'2024-02-05',NULL,NULL,'RECEIVED',1800000.00,0.00,NULL,0.00,NULL,NULL,1800000.00,'Migrated from legacy purchase_orders',NULL,NULL,NULL,NULL,NULL,NULL,'2026-03-18 01:40:09.000000','2026-03-18 01:40:09.000000'),
(4,'PO-2024-005',4,NULL,3,NULL,'2024-02-10',NULL,NULL,'CONFIRMED',2200000.00,0.00,NULL,0.00,NULL,NULL,2200000.00,'Migrated from legacy purchase_orders',NULL,NULL,NULL,NULL,NULL,NULL,'2026-03-18 01:40:09.000000','2026-03-18 01:40:09.000000'),
(5,'PO-2026-001',2,NULL,1,NULL,'2026-02-10',NULL,NULL,'RECEIVED',47000000.00,4700000.00,NULL,500000.00,NULL,NULL,51200000.00,'Đơn nhập sữa Vinamilk tháng 2',NULL,NULL,NULL,NULL,NULL,NULL,'2026-03-18 01:40:09.000000','2026-03-18 01:40:09.000000'),
(6,'PO-2026-002',2,NULL,2,NULL,'2026-02-12',NULL,NULL,'CONFIRMED',18000000.00,1800000.00,NULL,0.00,NULL,NULL,19800000.00,'Đơn nhập đồ gia dụng Unilever',NULL,NULL,NULL,NULL,NULL,NULL,'2026-03-18 01:40:09.000000','2026-03-18 01:40:09.000000'),
(7,'PO-2026-003',1,NULL,1,1,'2026-03-18',NULL,'2026-03-18','RECEIVED',9600000.00,0.00,0.00,0.00,0.00,0.00,9600000.00,'',NULL,NULL,NULL,NULL,NULL,NULL,'2026-03-17 20:09:23.200903','2026-03-17 20:10:11.864228'),
(8,'PO-2026-004',4,NULL,4,1,'2026-03-18',NULL,'2026-03-18','RECEIVED',3600000.00,0.00,0.00,0.00,0.00,0.00,3600000.00,'',NULL,NULL,NULL,NULL,NULL,NULL,'2026-03-17 20:15:53.075633','2026-03-17 20:16:54.397422'),
(9,'PO-2026-005',2,NULL,1,1,'2026-03-18',NULL,'2026-03-18','RECEIVED',12000000.00,0.00,0.00,0.00,0.00,0.00,12000000.00,'',NULL,NULL,NULL,NULL,NULL,NULL,'2026-03-17 20:58:16.495149','2026-03-17 20:59:00.566714'),
(10,'PO-2026-006',2,NULL,1,2,'2026-03-18',NULL,'2026-03-18','RECEIVED',11040000.00,0.00,0.00,0.00,0.00,0.00,11040000.00,'',NULL,NULL,NULL,NULL,NULL,NULL,'2026-03-17 21:00:20.775031','2026-03-17 21:03:37.948102'),
(11,'PO-2026-007',3,NULL,NULL,NULL,'2026-03-18',NULL,NULL,'CHECKING',0.00,0.00,0.00,0.00,0.00,0.00,0.00,'',NULL,NULL,NULL,NULL,NULL,NULL,'2026-03-17 21:04:06.399199','2026-03-18 07:57:41.708769'),
(12,'PO-2026-008',3,NULL,NULL,NULL,'2026-03-18',NULL,NULL,'CHECKING',0.00,0.00,0.00,0.00,0.00,0.00,0.00,'',NULL,NULL,NULL,NULL,NULL,NULL,'2026-03-18 07:35:21.349491','2026-03-18 07:36:02.684663'),
(13,'PO-2026-009',2,NULL,1,1,'2026-03-18',NULL,'2026-03-18','RECEIVED',10000.00,100.00,1.00,0.00,1000.00,0.00,11100.00,'',NULL,NULL,NULL,NULL,NULL,NULL,'2026-03-18 07:49:07.100376','2026-03-18 08:00:40.487019'),
(14,'PO-2026-010',4,NULL,1,3,'2026-03-18',NULL,'2026-03-18','RECEIVED',100000.00,1000.00,1.00,0.00,1000.00,0.00,102000.00,'',NULL,NULL,NULL,NULL,NULL,NULL,'2026-03-18 08:09:02.120031','2026-03-18 08:10:33.189713'),
(15,'PO-2026-011',1,NULL,1,1,'2026-03-19',NULL,'2026-03-19','RECEIVED',1000000.00,100000.00,10.00,0.00,100000.00,0.00,1200000.00,'',NULL,NULL,NULL,NULL,NULL,NULL,'2026-03-19 06:52:38.117005','2026-03-19 06:54:18.353439'),
(16,'PO-2026-012',1,NULL,1,1,'2026-03-19',NULL,'2026-03-19','RECEIVED',4160000.00,416000.00,10.00,0.00,100000.00,0.00,4676000.00,'',NULL,NULL,NULL,NULL,NULL,NULL,'2026-03-19 11:37:47.963521','2026-03-19 11:39:07.458262'),
(17,'PO-2026-013',1,NULL,1,1,'2026-03-19',NULL,'2026-03-19','RECEIVED',2900000.00,290000.00,10.00,0.00,100000.00,0.00,3290000.00,'',NULL,NULL,NULL,NULL,NULL,NULL,'2026-03-19 11:43:22.501573','2026-03-19 11:44:28.297791');

-- 26. PURCHASE ORDER ITEMS (Matching JPA PurchaseOrderItem schema)
INSERT INTO `purchase_order_items` VALUES (1,NULL,'Migrated from legacy purchase_order_items',250,250,NULL,20000.00,1,1),(2,NULL,'Migrated from legacy purchase_order_items',160,160,NULL,22000.00,2,2),(3,NULL,'Migrated from legacy purchase_order_items',200,200,NULL,9500.00,3,4),(4,NULL,'Migrated from legacy purchase_order_items',180,0,NULL,12000.00,4,5),(5,NULL,'Đã nhận đủ 2000 hộp',2000,2000,NULL,20000.00,5,1),(6,NULL,'Đã nhận đủ 200 gói',200,200,NULL,35000.00,5,3),(7,NULL,'Chưa nhận hàng',1500,0,NULL,12000.00,6,2),(8,'2026-10-31','',10,480,9600000.00,20000.00,7,34),(9,'2026-11-30','',10,300,3600000.00,12000.00,8,35),(10,'2026-11-30','',480,480,12000000.00,25000.00,9,27),(11,NULL,'',480,480,11040000.00,23000.00,10,27),(12,NULL,'',48,0,0.00,0.00,11,27),(13,NULL,'',1,0,0.00,0.00,12,28),(14,'2027-12-31','',1,1,10000.00,10000.00,13,28),(15,'2027-03-13','',10,10,100000.00,10000.00,14,30),(16,'2027-03-19','',2,96,1000000.00,500000.00,15,34),(17,'2026-12-30','',8,384,4160000.00,520000.00,16,34),(18,'2026-12-30','',5,240,2900000.00,580000.00,17,34);

-- 27. SHIFT HANDOVERS
INSERT INTO `shift_handovers` VALUES (1,2500000.00,NULL,2500000.00,'{\"500k\":2,\"200k\":5,\"100k\":5}',0,'2026-02-24 23:15:00.000000','2026-03-18 01:40:09.000000',NULL,'{\"printer\":\"OK\",\"scanner\":\"OK\"}',2500000.00,'HANDOVER-001','2026-02-24 23:10:00.000000','Đã bàn giao đầy đủ','{\"note\":\"Bổ sung nước ngọt tầng 2\"}','Không có sự cố lớn','[4,5]','CONFIRMED',96,120000.00,8200000.00,15,'2026-03-18 01:40:09.000000',0.00,1,3,3,2);

-- 28. PAYROLL CALCULATIONS
INSERT INTO `payroll_calculations` VALUES (1,NULL,NULL,1500000.00,'2026-02-28 18:00:00.000000',30000000.00,500000.00,'2026-02-28 17:00:00.000000',NULL,NULL,'2026-03-18 01:40:09.000000',32000000.00,NULL,NULL,NULL,NULL,NULL,NULL,29000000.00,NULL,NULL,'Lương admin tháng 2',NULL,0,0.00,NULL,'2026-02-28','2026-02-01','MONTHLY',NULL,9600,NULL,'APPROVED',3000000.00,20,NULL,NULL,'2026-03-18 01:40:09.000000',NULL,NULL,2,2,1),(2,NULL,NULL,1000000.00,'2026-02-28 18:00:00.000000',18000000.00,300000.00,'2026-02-28 17:00:00.000000',NULL,NULL,'2026-03-18 01:40:09.000000',19300000.00,NULL,NULL,NULL,NULL,NULL,NULL,17500000.00,NULL,NULL,'Lương manager tháng 2',NULL,0,0.00,NULL,'2026-02-28','2026-02-01','MONTHLY',NULL,9600,NULL,'APPROVED',1800000.00,20,NULL,NULL,'2026-03-18 01:40:09.000000',NULL,NULL,1,2,2),(3,NULL,NULL,500000.00,'2026-02-28 18:00:00.000000',11625000.00,135000.00,'2026-02-28 17:00:00.000000',NULL,NULL,'2026-03-18 01:40:09.000000',13160000.00,NULL,NULL,NULL,NULL,NULL,NULL,11660000.00,NULL,NULL,'Thu ngân ca sáng - Giờ công + OT',NULL,480,900000.00,NULL,'2026-02-28','2026-02-01','MONTHLY',NULL,9300,NULL,'APPROVED',1500000.00,19,NULL,NULL,'2026-03-18 01:40:09.000000',NULL,NULL,2,2,3),(4,NULL,NULL,500000.00,'2026-02-28 18:00:00.000000',10944000.00,76800.00,'2026-02-28 17:00:00.000000',NULL,NULL,'2026-03-18 01:40:09.000000',12060800.00,NULL,NULL,NULL,NULL,NULL,NULL,10660800.00,NULL,NULL,'Thu ngân ca chiều - Giờ công + OT',NULL,300,540000.00,NULL,'2026-02-28','2026-02-01','MONTHLY',NULL,9120,NULL,'APPROVED',1400000.00,19,NULL,NULL,'2026-03-18 01:40:09.000000',NULL,NULL,2,2,4),(5,NULL,NULL,400000.00,'2026-02-28 18:00:00.000000',13000000.00,130000.00,'2026-02-28 17:00:00.000000',NULL,NULL,'2026-03-18 01:40:09.000000',13530000.00,NULL,NULL,NULL,NULL,NULL,NULL,12130000.00,NULL,NULL,'Quản lý kho tháng 2',NULL,0,0.00,NULL,'2026-02-28','2026-02-01','MONTHLY',NULL,9120,NULL,'APPROVED',1400000.00,19,NULL,NULL,'2026-03-18 01:40:09.000000',NULL,NULL,1,2,5),(6,NULL,NULL,450000.00,'2026-02-28 18:00:00.000000',9800000.00,147000.00,'2026-02-28 17:00:00.000000',NULL,NULL,'2026-03-18 01:40:09.000000',11027000.00,NULL,NULL,NULL,NULL,NULL,NULL,9827000.00,NULL,NULL,'Nhân viên bán hàng - Giờ công + OT',NULL,360,630000.00,NULL,'2026-02-28','2026-02-01','MONTHLY',NULL,8400,NULL,'APPROVED',1200000.00,18,NULL,NULL,'2026-03-18 01:40:09.000000',NULL,NULL,2,2,6),(7,NULL,NULL,400000.00,'2026-02-28 18:00:00.000000',12500000.00,187500.00,'2026-02-28 17:00:00.000000',NULL,NULL,'2026-03-18 01:40:09.000000',13087500.00,NULL,NULL,NULL,NULL,NULL,NULL,11787500.00,NULL,NULL,'Nhân viên bán hàng tháng 2',NULL,0,0.00,NULL,'2026-02-28','2026-02-01','MONTHLY',NULL,9600,NULL,'APPROVED',1300000.00,20,NULL,NULL,'2026-03-18 01:40:09.000000',NULL,NULL,1,2,7),(8,NULL,NULL,150000.00,NULL,3000000.00,50000.00,'2026-03-02 18:00:00.000000',NULL,NULL,'2026-03-18 01:40:09.000000',3200000.00,NULL,NULL,NULL,NULL,NULL,NULL,2900000.00,NULL,NULL,'Bảng lương tạm tính tháng 3',NULL,0,0.00,NULL,'2026-03-31','2026-03-01','MONTHLY',NULL,960,NULL,'CALCULATED',300000.00,2,NULL,NULL,'2026-03-18 01:40:09.000000',NULL,NULL,NULL,2,1),(9,NULL,NULL,50000.00,NULL,900000.00,15000.00,'2026-03-02 18:00:00.000000',NULL,NULL,'2026-03-18 01:40:09.000000',965000.00,NULL,NULL,NULL,NULL,NULL,NULL,875000.00,NULL,NULL,'Bảng lương tạm tính tháng 3',NULL,0,0.00,NULL,'2026-03-31','2026-03-01','MONTHLY',NULL,540,NULL,'CALCULATED',90000.00,1,NULL,NULL,'2026-03-18 01:40:09.000000',NULL,NULL,NULL,2,2),(10,NULL,NULL,50000.00,NULL,1306250.00,13500.00,'2026-03-02 18:00:00.000000',NULL,NULL,'2026-03-18 01:40:09.000000',1369750.00,NULL,NULL,NULL,NULL,NULL,NULL,1219750.00,NULL,NULL,'Bảng lương tạm tính tháng 3',NULL,0,0.00,NULL,'2026-03-31','2026-03-01','MONTHLY',NULL,1045,NULL,'CALCULATED',150000.00,2,NULL,NULL,'2026-03-18 01:40:09.000000',NULL,NULL,NULL,2,3),(11,NULL,NULL,25000.00,NULL,651600.00,7000.00,'2026-03-02 18:00:00.000000',NULL,NULL,'2026-03-18 01:40:09.000000',683600.00,NULL,NULL,NULL,NULL,NULL,NULL,613600.00,NULL,NULL,'Bảng lương tạm tính tháng 3',NULL,0,0.00,NULL,'2026-03-31','2026-03-01','MONTHLY',NULL,543,NULL,'CALCULATED',70000.00,1,NULL,NULL,'2026-03-18 01:40:09.000000',NULL,NULL,NULL,2,4),(12,NULL,NULL,25000.00,NULL,730000.00,8000.00,'2026-03-02 18:00:00.000000',NULL,NULL,'2026-03-18 01:40:09.000000',763000.00,NULL,NULL,NULL,NULL,NULL,NULL,688000.00,NULL,NULL,'Bảng lương tạm tính tháng 3',NULL,0,0.00,NULL,'2026-03-31','2026-03-01','MONTHLY',NULL,537,NULL,'CALCULATED',75000.00,1,NULL,NULL,'2026-03-18 01:40:09.000000',NULL,NULL,NULL,2,5),(13,NULL,NULL,30000.00,NULL,966833.00,12000.00,'2026-03-02 18:00:00.000000',NULL,NULL,'2026-03-18 01:40:09.000000',1008833.00,NULL,NULL,NULL,NULL,NULL,NULL,918833.00,NULL,NULL,'Bảng lương tạm tính tháng 3',NULL,0,0.00,NULL,'2026-03-31','2026-03-01','MONTHLY',NULL,829,NULL,'CALCULATED',90000.00,2,NULL,NULL,'2026-03-18 01:40:09.000000',NULL,NULL,NULL,2,6),(14,NULL,NULL,0.00,NULL,0.00,0.00,'2026-03-02 18:00:00.000000',NULL,NULL,'2026-03-18 01:40:09.000000',0.00,NULL,NULL,NULL,NULL,NULL,NULL,0.00,NULL,NULL,'Nghỉ không lương ngày 02/03',NULL,0,0.00,NULL,'2026-03-31','2026-03-01','MONTHLY',NULL,0,NULL,'CALCULATED',120000.00,1,NULL,NULL,'2026-03-18 01:40:09.000000',NULL,NULL,NULL,2,7);

-- 29. SHIFT SWAP REQUESTS
INSERT INTO `shift_swap_requests` VALUES (1,NULL,'2026-02-21 10:15:00.000000','2026-03-18 01:40:09.000000','2026-02-26 23:59:59.000000','Được phép - hai nhân viên đã thoả thuận','2026-02-26','Có việc gia đình buổi trưa, xin đổi ca sáng sang ca chiều',NULL,'SWAP-REQ-001','ACCEPTED','DIRECT_SWAP','2026-02-26','2026-03-18 01:40:09.000000',NULL,2,1,3,2,4),(2,NULL,NULL,'2026-03-18 01:40:09.000000','2026-02-28 23:59:59.000000','Nhờ đồng nghiệp đổi ca chiều thứ 6','2026-02-28','Xin đổi ca để hỗ trợ ca sáng tuần sau',NULL,'SWAP-REQ-002','PENDING','DIRECT_SWAP','2026-02-28','2026-03-18 01:40:09.000000',NULL,NULL,2,4,1,3),(3,NULL,'2026-02-19 15:00:00.000000','2026-03-18 01:40:09.000000','2026-02-26 23:59:59.000000','Từ chối bởi quản lý','2026-02-22','Muốn đổi từ ca cuối tuần sang ca sáng','Không đủ nhân sự ca sáng','SWAP-REQ-003','REJECTED','DIRECT_SWAP','2026-02-22','2026-03-18 01:40:09.000000',NULL,2,4,6,1,7),(4,NULL,NULL,'2026-03-18 01:40:09.000000','2026-02-25 23:59:59.000000','Tự huỷ do đã giải quyết việc cá nhân','2026-02-25','Trao đổi ca làm việc',NULL,'SWAP-REQ-004','CANCELLED','DIRECT_SWAP','2026-02-25','2026-03-18 01:40:09.000000',NULL,NULL,1,5,4,6);

-- 30. STOCK MOVEMENTS (Ghi chép chuyển động tồn kho)
INSERT INTO `stock_movements` VALUES (1,'2026-02-10 08:00:00.000000','Nhập sữa Vinamilk từ nhà cung cấp',2000,1,'PURCHASE_ORDER','IN',1,1,1),(2,'2026-02-10 08:30:00.000000','Nhập cà phê Nescafe từ nhà cung cấp',200,1,'PURCHASE_ORDER','IN',3,3,3),(3,'2026-02-15 10:00:00.000000','Bổ sung sữa lên kệ sale',150,1,'TRANSFER','IN',NULL,5,1),(4,'2026-02-15 10:00:00.000000','Xuất từ kho chính sang display zone',150,1,'TRANSFER','OUT',1,1,1),(5,'2026-02-24 09:31:00.000000','Bán Coca Cola qua POS-001',4,1,'SALE','OUT',4,4,4),(6,'2026-02-24 09:31:00.000000','Bán Oishi snack qua POS-001',3,1,'SALE','OUT',5,5,5),(7,'2026-02-24 19:23:00.000000','Bán sữa qua POS-001',4,2,'SALE','OUT',1,1,1),(8,'2026-02-24 19:23:00.000000','Bán cà phê qua POS-001',1,2,'SALE','OUT',3,3,3),(9,'2026-02-25 20:10:00.000000','Bán Dove soap qua POS-002',2,3,'SALE','OUT',2,2,2),(10,'2026-02-20 15:00:00.000000','IC-2026-0001: kiểm kho thiếu 5 hộp sữa Fresh Milk 1L',-5,1,'INVENTORY_COUNT','ADJUST',1,1,1),(11,'2026-02-20 16:00:00.000000','IC-2026-0002: kiểm kho thặng 1 gói Nescafe 3in1',1,2,'INVENTORY_COUNT','ADJUST',3,3,3),(12,'2026-03-17 20:10:11.812530','Nhập hàng từ PO PO-2026-003 (da nhan so luong quy doi)',480,7,'purchase_order','IN',27,1,34),(13,'2026-03-17 20:16:54.329528','Nhập hàng từ PO PO-2026-004 (da nhan so luong quy doi)',300,8,'purchase_order','IN',29,1,35),(14,'2026-03-17 20:59:00.518460','Nhập hàng từ PO PO-2026-005 (da nhan so luong quy doi)',480,9,'purchase_order','IN',30,1,27),(15,'2026-03-17 21:03:37.903715','Nhập hàng từ PO PO-2026-006 (da nhan so luong quy doi)',480,10,'purchase_order','IN',31,2,27),(16,'2026-03-18 08:00:40.465498','Nhập hàng từ PO PO-2026-009 (da nhan so luong quy doi)',1,13,'purchase_order','IN',32,1,28),(17,'2026-03-18 08:10:33.176734','Nhập hàng từ PO PO-2026-010 (da nhan so luong quy doi)',10,14,'purchase_order','IN',33,3,30),(18,'2026-03-19 06:54:18.306032','Nhập hàng từ PO PO-2026-011 (luu ton kho theo don vi goc)',96,15,'purchase_order','IN',34,1,27),(19,'2026-03-19 11:39:07.402276','Nhập hàng từ PO PO-2026-012 (luu ton kho theo don vi goc)',384,16,'purchase_order','IN',38,1,27),(20,'2026-03-19 11:44:28.263050','Nhập hàng từ PO PO-2026-013 (luu ton kho theo don vi goc)',240,17,'purchase_order','IN',39,1,27),(21,'2026-03-19 13:03:41.945531','POS_SALE',-14,17,'SALE_ORDER','OUT',1,1,1),(22,'2026-03-19 13:03:50.703936','POS_SALE',-14,18,'SALE_ORDER','OUT',1,1,1),(23,'2026-03-19 13:03:50.707199','POS_SALE',-14,19,'SALE_ORDER','OUT',1,1,1),(24,'2026-03-19 13:16:19.163027','POS_SALE',-2,20,'SALE_ORDER','OUT',5,5,5),(25,'2026-03-19 13:16:19.174907','POS_SALE',-1,21,'SALE_ORDER','OUT',17,2,17),(26,'2026-03-19 13:16:19.185327','POS_SALE',-7,22,'SALE_ORDER','OUT',10,5,10),(27,'2026-03-19 13:18:03.079801','POS_SALE',-1,23,'SALE_ORDER','OUT',24,4,24),(28,'2026-03-19 13:18:43.769767','POS_SALE',-1,25,'SALE_ORDER','OUT',24,4,24),(29,'2026-03-19 13:18:43.771033','POS_SALE',-1,24,'SALE_ORDER','OUT',24,4,24),(30,'2026-03-19 13:18:43.803295','POS_SALE',-2,26,'SALE_ORDER','OUT',5,5,5),(31,'2026-03-19 13:18:43.804814','POS_SALE',-2,29,'SALE_ORDER','OUT',5,5,5),(32,'2026-03-19 13:18:43.814672','POS_SALE',-1,27,'SALE_ORDER','OUT',17,2,17),(33,'2026-03-19 13:18:43.824105','POS_SALE',-7,28,'SALE_ORDER','OUT',10,5,10),(34,'2026-03-19 13:18:43.833640','POS_SALE',-1,30,'SALE_ORDER','OUT',17,2,17),(35,'2026-03-19 13:18:43.843636','POS_SALE',-7,31,'SALE_ORDER','OUT',10,5,10),(36,'2026-03-19 13:42:21.433728','POS_SALE',-1,32,'SALE_ORDER','OUT',10,5,10),(37,'2026-03-19 13:42:37.813547','POS_SALE',-1,33,'SALE_ORDER','OUT',10,5,10),(38,'2026-03-19 13:43:21.702339','POS_SALE',-1,34,'SALE_ORDER','OUT',10,5,10),(39,'2026-03-19 13:43:21.703843','POS_SALE',-1,35,'SALE_ORDER','OUT',10,5,10),(40,'2026-03-19 13:43:21.727834','POS_SALE',-1,36,'SALE_ORDER','OUT',10,5,10),(41,'2026-03-19 13:43:21.730826','POS_SALE',-1,37,'SALE_ORDER','OUT',10,5,10),(42,'2026-03-19 13:43:46.432698','POS_SALE',-1,38,'SALE_ORDER','OUT',10,5,10),(43,'2026-03-19 13:43:51.842681','POS_SALE',-1,40,'SALE_ORDER','OUT',10,5,10),(44,'2026-03-19 13:43:51.843682','POS_SALE',-1,39,'SALE_ORDER','OUT',10,5,10),(45,'2026-03-19 14:14:49.946095','POS_SALE',-10,41,'SALE_ORDER','OUT',10,5,10),(46,'2026-03-19 14:15:03.149703','POS_SALE',-10,42,'SALE_ORDER','OUT',10,5,10),(47,'2026-03-19 14:15:03.149703','POS_SALE',-10,43,'SALE_ORDER','OUT',10,5,10),(48,'2026-03-19 14:15:09.616302','POS refund from purchase history',2,NULL,'REFUND','IN',10,5,10),(49,'2026-03-19 14:15:22.755880','POS refund from purchase history',1,NULL,'REFUND','IN',10,5,10),(50,'2026-03-19 14:17:18.459125','Restock from resolved refund ticket TCK-REF-005',10,8,'REFUND','IN',10,5,10),(51,'2026-03-19 15:05:40.210523','POS_SALE',-1,44,'SALE_ORDER','OUT',1,1,1),(52,'2026-03-19 15:07:34.318511','POS_SALE',-1,45,'SALE_ORDER','OUT',1,1,1),(53,'2026-03-19 15:08:36.869550','POS_SALE',-1,46,'SALE_ORDER','OUT',1,1,1);

-- 31. INVENTORY COUNTS (Phiếu kiểm kho — đủ vòng đời: CONFIRMED, PENDING, COUNTING, DRAFT, REJECTED)
-- Code format: IC-{year}-{seq4} — khớp với generateCode() trong InventoryCountService
INSERT INTO `inventory_counts` VALUES (1,'IC-2026-0001','2026-02-20 15:00:00.000000',2,'2026-02-20 14:00:00.000000',5,'Kiểm kho định kỳ tháng 2 tại kho chính A1',NULL,'CONFIRMED',-100000.00,0.00,100000.00,1),(2,'IC-2026-0002','2026-02-20 16:00:00.000000',2,'2026-02-20 14:30:00.000000',5,'Kiểm kho định kỳ tháng 2 tại kho lạnh B1',NULL,'CONFIRMED',35000.00,35000.00,0.00,3),(3,'IC-2026-0003',NULL,NULL,'2026-02-22 09:00:00.000000',5,'Kiểm kho khu vực kho B — chờ quản lý duyệt',NULL,'PENDING',-45000.00,0.00,45000.00,2),(4,'IC-2026-0004',NULL,NULL,'2026-02-25 10:00:00.000000',5,'Kiểm kho khu vực kệ trưng bày C1 — đang đếm',NULL,'COUNTING',NULL,NULL,NULL,4),(5,'IC-2026-0006',NULL,NULL,'2026-02-23 11:00:00.000000',5,'Kiểm kho khu vực POS — bị từ chối do lỗi nhập liệu','Dữ liệu kiểm kê không khớp với biên lai nhập hàng. Cần kiểm tra lại lô hàng trước khi xác nhận.','REJECTED',0.00,0.00,0.00,5),(6,'IC-2026-0007',NULL,NULL,'2026-03-18 08:11:04.252375',1,'',NULL,'PENDING',0.00,0.00,0.00,1);

-- Cập nhật rejection_reason cho phiếu bị từ chối
UPDATE inventory_counts SET rejection_reason = 'Dữ liệu kiểm kê không khớp với biên lai nhập hàng. Cần kiểm tra lại lô hàng trước khi xác nhận.' WHERE code = 'IC-2026-0006';

-- 32. INVENTORY COUNT ITEMS
-- difference_value tính theo cost_price của batch tương ứng
INSERT INTO `inventory_count_items` (`id`,`actual_quantity`,`difference_quantity`,`difference_value`,`product_id`,`reason`,`system_quantity`,`inventory_count_id`,`variant_id`) VALUES (1,245,-5,-100000.00,1,'SHRINKAGE',250,1,NULL),(2,180,0,0.00,2,NULL,180,1,NULL),(3,120,0,0.00,6,NULL,120,1,NULL),(4,300,0,0.00,11,NULL,300,1,NULL),(5,261,1,35000.00,3,'COUNTING_ERROR',260,2,NULL),(6,150,0,0.00,8,NULL,150,2,NULL),(7,400,0,0.00,13,NULL,400,2,NULL),(8,280,0,0.00,18,NULL,280,2,NULL),(9,84,-1,-45000.00,7,'DAMAGE',85,3,NULL),(10,500,0,0.00,12,NULL,500,3,NULL),(11,320,0,0.00,17,NULL,320,3,NULL),(12,510,0,0.00,4,NULL,510,4,NULL),(13,NULL,NULL,NULL,9,NULL,200,4,NULL),(14,NULL,NULL,NULL,14,NULL,250,4,NULL),(15,390,0,0.00,5,NULL,390,5,NULL),(16,995,-5,-5000.00,10,'OTHER',1000,5,NULL),(17,245,0,0.00,1,'',245,6,1),(18,120,0,0.00,6,'',120,6,6),(19,300,0,0.00,11,'',300,6,11),(20,210,0,0.00,16,'',210,6,16),(21,300,0,0.00,21,'',300,6,21),(22,80,0,0.00,26,'',80,6,26),(23,480,0,0.00,1,'',480,6,27),(24,1,0,0.00,2,'',1,6,28),(25,480,0,0.00,1,'',480,6,34),(26,300,0,0.00,4,'',300,6,35);

-- 33. DISPOSAL VOUCHERS (Phiếu thanh lý hàng hỏng/lỗi)
INSERT INTO `disposal_vouchers` VALUES (1,'DV-202602-001','2026-02-18 14:00:00.000000','2026-02-18 13:30:00.000000','Sản phẩm lỗi - vỏ hộp, không lỗi chất lượng nội dung','DAMAGED',NULL,'CONFIRMED',1,12,180000.00,NULL,2,5,1),(2,'DV-202602-002','2026-02-22 10:30:00.000000','2026-02-22 10:00:00.000000','Sản phẩm hết hạn sử dụng - tìm thấy khi kiểm kho','EXPIRED',NULL,'CONFIRMED',1,8,96000.00,NULL,2,5,3);

-- 34. DISPOSAL VOUCHER ITEMS
INSERT INTO `disposal_voucher_items` VALUES (1,'DV2026001','2027-02-01',12,180000.00,15000.00,2,1,2),(2,'NC2026001','2026-02-01',8,96000.00,12000.00,3,2,3);

-- 34.1 CLEANUP LEGACY PENDING DISPOSAL VOUCHERS
-- Rule: auto-confirm all historical PENDING vouchers to align with no-approval flow
UPDATE disposal_vouchers
SET status = 'CONFIRMED',
    confirmed_at = COALESCE(confirmed_at, created_at, NOW()),
    confirmed_by = COALESCE(confirmed_by, created_by),
    rejection_reason = NULL
WHERE id > 0
  AND status = 'PENDING';

-- 35. LOYALTY GIFTS (Quà tặng gift/rewards từ loyalty program)
INSERT INTO `loyalty_gifts` VALUES (1,'2026-03-18 01:40:09.000000',0,'Nước uống đặc biệt 500ml',50,150,4),(2,'2026-03-18 01:40:09.000000',0,'Bộ cà phê hòa tan 3in1',150,80,3),(3,'2026-03-18 01:40:09.000000',0,'Xà phòng Dove 90g',75,200,2),(4,'2026-03-18 01:40:09.000000',0,'Sữa tươi Vinamilk 1L',200,50,1),(5,'2026-03-18 01:40:09.000000',0,'Combo Snack Oishi',100,100,5),(6,'2026-03-19 15:38:12.253398',0,'Nước ngọt Coca Cola (Đổi điểm)',5,10,4);

-- 36. GIFT REDEMPTION HISTORY (Lịch sử sử dụng quà tặng)
INSERT INTO `gift_redemption_history` VALUES (1,50,'2026-02-15 10:30:00.000000',1,1),(2,150,'2026-02-16 14:15:00.000000',2,2),(3,75,'2026-02-18 09:20:00.000000',3,3),(4,200,'2026-02-20 16:00:00.000000',4,4),(5,100,'2026-02-22 12:30:00.000000',1,5);

-- 37. PURCHASE HISTORY (Phù hợp với legacy purchase history)
INSERT INTO `purchase_history`
(`id`,`customer_id`,`customer_name`,`product_id`,`product_name`,`quantity`,`price`,`subtotal`,`payment_method`,`voucher_discount_amount`,`created_at`)
VALUES
(1,1,'Nguyen Van A',4,'Coca Cola 330ml',2,12000.00,24000.00,'CASH',0.00,'2026-02-24 09:30:00.000000'),
(2,1,'Nguyen Van A',5,'Oishi Snack',3,8000.00,24000.00,'CASH',0.00,'2026-02-24 09:30:00.000000'),
(3,2,'Tran Thi B',1,'Fresh Milk 1L',2,25000.00,50000.00,'CARD',0.00,'2026-02-24 19:20:00.000000'),
(4,2,'Tran Thi B',3,'Nescafe 3in1',1,45000.00,45000.00,'CARD',0.00,'2026-02-24 19:20:00.000000'),
(5,3,'Le Van C',2,'Dove Soap 90g',2,15000.00,30000.00,'MOMO',0.00,'2026-02-25 20:10:00.000000'),
(6,1,'Nguyen Van A',1,'Fresh Milk 1L',1,25000.00,25000.00,'CASH',0.00,'2026-02-26 10:15:00.000000'),
(7,4,'Pham Thi D',4,'Coca Cola 330ml',5,12000.00,60000.00,'CASH',0.00,'2026-02-26 14:30:00.000000'),
(8,4,'Pham Thi D',5,'Oishi Snack',4,8000.00,32000.00,'CASH',0.00,'2026-02-26 14:30:00.000000'),
(9,2,'Tran Thi B',4,'Coca Cola 330ml',3,12000.00,36000.00,'MOMO',0.00,'2026-02-27 08:45:00.000000'),
(10,2,'Tran Thi B',2,'Dove Soap 90g',1,15000.00,15000.00,'MOMO',0.00,'2026-02-27 08:45:00.000000'),
(17,4,'Pham Thi D',1,'Sữa dinh dưỡng Vinamilk Bịch - Ít đường - 220ml',14,23000.00,322000.00,'Tiền mặt',0.00,'2026-03-19 13:03:41.894956'),
(18,4,'Pham Thi D',1,'Sữa dinh dưỡng Vinamilk Bịch - Ít đường - 220ml',14,23000.00,322000.00,'Tiền mặt',0.00,'2026-03-19 13:03:50.691817'),
(19,4,'Pham Thi D',1,'Sữa dinh dưỡng Vinamilk Bịch - Ít đường - 220ml',14,23000.00,322000.00,'Tiền mặt',0.00,'2026-03-19 13:03:50.692822'),
(20,4,'Pham Thi D',5,'Bánh snack Oishi Gói - Phô mai - 40G',2,8000.00,16000.00,'Tiền mặt',0.00,'2026-03-19 13:16:19.149215'),
(21,4,'Pham Thi D',17,'Snack Lays Gói - Bò Nướng Texas - 30g',1,12000.00,12000.00,'Tiền mặt',0.00,'2026-03-19 13:16:19.150222'),
(22,4,'Pham Thi D',10,'Kẹo mút Chupa Chups Gói - 30 cái',7,50000.00,350000.00,'Tiền mặt',0.00,'2026-03-19 13:16:19.152825'),
(23,7,'Huy',24,'Sữa đặc Ông Thọ Lon - 380g',1,25000.00,25000.00,'Chuyển khoản',0.00,'2026-03-19 13:18:03.070233'),
(24,7,'Huy',24,'Sữa đặc Ông Thọ Lon - 380g',1,25000.00,25000.00,'Chuyển khoản',0.00,'2026-03-19 13:18:43.758182'),
(25,7,'Huy',24,'Sữa đặc Ông Thọ Lon - 380g',1,25000.00,25000.00,'Chuyển khoản',0.00,'2026-03-19 13:18:43.758182'),
(26,4,'Pham Thi D',5,'Bánh snack Oishi Gói - Phô mai - 40G',2,8000.00,16000.00,'Tiền mặt',0.00,'2026-03-19 13:18:43.790292'),
(27,4,'Pham Thi D',17,'Snack Lays Gói - Bò Nướng Texas - 30g',1,12000.00,12000.00,'Tiền mặt',0.00,'2026-03-19 13:18:43.791306'),
(28,4,'Pham Thi D',10,'Kẹo mút Chupa Chups Gói - 30 cái',7,50000.00,350000.00,'Tiền mặt',0.00,'2026-03-19 13:18:43.792666'),
(29,4,'Pham Thi D',5,'Bánh snack Oishi Gói - Phô mai - 40G',2,8000.00,16000.00,'Tiền mặt',0.00,'2026-03-19 13:18:43.793744'),
(30,4,'Pham Thi D',17,'Snack Lays Gói - Bò Nướng Texas - 30g',1,12000.00,12000.00,'Tiền mặt',0.00,'2026-03-19 13:18:43.794741'),
(31,4,'Pham Thi D',10,'Kẹo mút Chupa Chups Gói - 30 cái',7,50000.00,350000.00,'Tiền mặt',0.00,'2026-03-19 13:18:43.796286'),
(32,0,'Khách lẻ',10,'Kẹo mút Chupa Chups Gói - 30 cái',1,50000.00,50000.00,'Tiền mặt',0.00,'2026-03-19 13:42:21.415373'),
(33,0,'Khách lẻ',10,'Kẹo mút Chupa Chups Gói - 30 cái',1,50000.00,50000.00,'Tiền mặt',0.00,'2026-03-19 13:42:37.773516'),
(34,0,'Khách lẻ',10,'Kẹo mút Chupa Chups Gói - 30 cái',1,50000.00,50000.00,'Tiền mặt',0.00,'2026-03-19 13:43:21.689677'),
(35,0,'Khách lẻ',10,'Kẹo mút Chupa Chups Gói - 30 cái',1,50000.00,50000.00,'Tiền mặt',0.00,'2026-03-19 13:43:21.689677'),
(36,0,'Khách lẻ',10,'Kẹo mút Chupa Chups Gói - 30 cái',1,50000.00,50000.00,'Tiền mặt',0.00,'2026-03-19 13:43:21.719661'),
(37,0,'Khách lẻ',10,'Kẹo mút Chupa Chups Gói - 30 cái',1,50000.00,50000.00,'Tiền mặt',0.00,'2026-03-19 13:43:21.721780'),
(38,0,'Khách lẻ',10,'Kẹo mút Chupa Chups Gói - 30 cái',1,50000.00,50000.00,'Tiền mặt',0.00,'2026-03-19 13:43:46.416431'),
(39,0,'Khách lẻ',10,'Kẹo mút Chupa Chups Gói - 30 cái',1,50000.00,50000.00,'Tiền mặt',0.00,'2026-03-19 13:43:51.831524'),
(40,0,'Khách lẻ',10,'Kẹo mút Chupa Chups Gói - 30 cái',1,50000.00,50000.00,'Tiền mặt',0.00,'2026-03-19 13:43:51.831524'),
(41,0,'Khách lẻ',10,'Kẹo mút Chupa Chups Gói - 30 cái',10,50000.00,500000.00,'Tiền mặt',0.00,'2026-03-19 14:14:49.896848'),
(42,0,'Khách lẻ',10,'Kẹo mút Chupa Chups Gói - 30 cái',10,50000.00,500000.00,'Tiền mặt',0.00,'2026-03-19 14:15:03.135723'),
(43,0,'Khách lẻ',10,'Kẹo mút Chupa Chups Gói - 30 cái',10,50000.00,500000.00,'Tiền mặt',0.00,'2026-03-19 14:15:03.135723'),
(44,7,'Huy',1,'Sữa dinh dưỡng Vinamilk Bịch - Ít đường - 220ml',1,23000.00,23000.00,'Tiền mặt',0.00,'2026-03-19 15:05:40.199015'),
(45,0,'Khách lẻ',1,'Sữa dinh dưỡng Vinamilk Bịch - Ít đường - 220ml',1,23000.00,23000.00,'Tiền mặt',0.00,'2026-03-19 15:07:34.306415'),
(46,0,'Khách lẻ',1,'Sữa dinh dưỡng Vinamilk Bịch - Ít đường - 220ml',1,23000.00,23000.00,'Tiền mặt',0.00,'2026-03-19 15:08:36.855694');

-- 28. REPORTS + AUDIT LOGS (from new seed)
INSERT INTO `reports`
(`id`,`type`,`report_date`,`data`,`created_by`,`status`,`created_at`,`completed_at`,`file_path`,`download_url`,`report_name`,`format`)
VALUES
(1,'Revenue','2026-03-18','{\"summary\":\"seed\"}',1,'COMPLETED','2026-03-18 01:40:09.000000','2026-03-18 01:40:09.000000',NULL,NULL,'Seed Revenue Report','PDF'),
(2,'Inventory','2026-03-18','{\"summary\":\"seed inventory\"}',5,'COMPLETED','2026-03-18 01:40:09.000000','2026-03-18 01:40:09.000000',NULL,NULL,'Seed Inventory Report','PDF'),
(3,'Attendance','2026-03-18','{\"summary\":\"seed attendance\"}',1,'COMPLETED','2026-03-18 01:40:09.000000','2026-03-18 01:40:09.000000',NULL,NULL,'Seed Attendance Report','PDF');

INSERT INTO `audit_logs` VALUES (1,'LOGIN','{\"event\":\"seed login\"}','2026-03-18 01:40:09.000000','Initial seed log',1,'User',NULL,'OK','SYSTEM',NULL,1),(2,'CREATE','{\"campaign_code\":\"CAMP-202602-001\"}','2026-03-18 01:40:09.000000','Created campaign seed',1,'Campaign',NULL,'OK','SYSTEM',NULL,2),(3,'CREATE','{\"count_code\":\"IC-2026-0001\"}','2026-03-18 01:40:09.000000','Created inventory count seed',1,'InventoryCount',NULL,'OK','SYSTEM',NULL,5),(4,'CONFIRM','{\"count_code\":\"IC-2026-0001\",\"confirmed_by\":2}','2026-03-18 01:40:09.000000','Confirmed inventory count IC-2026-0001',1,'InventoryCount',NULL,'OK','SYSTEM',NULL,5),(5,'CONFIRM','{\"count_code\":\"IC-2026-0002\",\"confirmed_by\":2}','2026-03-18 01:40:09.000000','Confirmed inventory count IC-2026-0002',2,'InventoryCount',NULL,'OK','SYSTEM',NULL,5),(6,'SUBMIT','{\"count_code\":\"IC-2026-0003\"}','2026-03-18 01:40:09.000000','Submitted IC-2026-0003 for approval',3,'InventoryCount',NULL,'OK','SYSTEM',NULL,5),(7,'REJECT','{\"count_code\":\"IC-2026-0006\",\"reason\":\"Du lieu khong khop\"}','2026-03-18 01:40:09.000000','Rejected inventory count IC-2026-0006',6,'InventoryCount',NULL,'OK','SYSTEM',NULL,2);

-- =============================================================================
-- ADVERTISEMENTS & AD CONTRACTS
-- =============================================================================
INSERT INTO `advertisements` VALUES (1,'#ffffff','marketing@smalltrend.vn','Nguyễn Văn Marketing','0901-234-567','2026-12-31','AD-2026-LEFT-001','2026-01-01',5000000.00,'2026-03-18 01:40:09.000000','#4f46e5','Mua ngay','https://images.unsplash.com/photo-1607082348824-0a96f2a4b9da?w=400&q=80',0,'','Hợp đồng quảng cáo nội bộ, ưu tiên slot trái toàn năm 2026','Thanh toán hàng quý, net 30 ngày','LEFT','SmallTrend Brand','Ưu đãi cuối tuần cho mọi sản phẩm','Mega Sale 50% OFF','2026-03-19 15:39:05.966119'),(2,'#f0fdf4','ads@expressdelivery.vn','Trần Thị Logistics','0912-345-678','2026-06-30','AD-2026-RIGHT-001','2026-01-01',12000000.00,'2026-03-18 01:40:09.000000','#059669','Đặt ngay','https://images.unsplash.com/photo-1556742049-0cfed4f6a45d?w=400&q=80',0,'','Đối tác giao hàng nhanh khu vực HCM & Hà Nội. Hợp đồng gia hạn mỗi 6 tháng.','Thanh toán hàng tháng vào ngày 15','RIGHT','Express Delivery Partner','Đơn từ 200.000đ — giao trong 2h','Giao hàng miễn phí','2026-03-19 14:04:19.055381'),(3,NULL,NULL,NULL,NULL,NULL,NULL,NULL,NULL,'2026-03-19 14:03:25.455314',NULL,NULL,'https://res.cloudinary.com/didvvefmu/image/upload/v1773928997/smalltrend/crm/ads/ymypqgpfxq3wvajk8ycq.jpg',0,NULL,NULL,NULL,'LEFT','KitKat',NULL,'KitKat- đn là mê','2026-03-19 14:03:25.455314'),(4,NULL,NULL,NULL,NULL,NULL,NULL,NULL,NULL,'2026-03-19 14:04:02.978638',NULL,NULL,'https://res.cloudinary.com/didvvefmu/image/upload/v1773929027/smalltrend/crm/ads/dhabu2yyxvfnse54t4ds.jpg',0,NULL,NULL,NULL,'RIGHT','HuyHandSome',NULL,'HotDog-Bữa sáng tốt lành cho mọi người','2026-03-19 14:04:02.978638');


-- =============================================================================
-- End of SmallTrend Combined Sample Data
-- =============================================================================

-- SYNCED FROM BACKUP: advertisements


-- SYNCED FROM BACKUP: attendance


-- SYNCED FROM BACKUP: audit_logs


-- SYNCED FROM BACKUP: brands


-- SYNCED FROM BACKUP: campaigns


-- SYNCED FROM BACKUP: cash_registers


-- SYNCED FROM BACKUP: cash_transactions


-- SYNCED FROM BACKUP: categories


-- SYNCED FROM BACKUP: coupons


-- SYNCED FROM BACKUP: coupon_usage


-- SYNCED FROM BACKUP: customers


-- SYNCED FROM BACKUP: customer_tiers


-- SYNCED FROM BACKUP: disposal_vouchers


-- SYNCED FROM BACKUP: disposal_voucher_items


-- SYNCED FROM BACKUP: gift_redemption_history


-- SYNCED FROM BACKUP: inventory_counts


-- SYNCED FROM BACKUP: inventory_count_items


-- SYNCED FROM BACKUP: inventory_stock


-- SYNCED FROM BACKUP: locations


-- SYNCED FROM BACKUP: loyalty_gifts


-- SYNCED FROM BACKUP: loyalty_transactions


-- SYNCED FROM BACKUP: payroll_calculations


-- SYNCED FROM BACKUP: permissions


-- SYNCED FROM BACKUP: price_expiry_alert_logs


-- SYNCED FROM BACKUP: products


-- SYNCED FROM BACKUP: product_batches


-- SYNCED FROM BACKUP: product_combos


-- SYNCED FROM BACKUP: product_combo_items


-- SYNCED FROM BACKUP: product_variants


-- SYNCED FROM BACKUP: purchase_history


-- SYNCED FROM BACKUP: purchase_orders


-- SYNCED FROM BACKUP: purchase_order_items


-- SYNCED FROM BACKUP: reports


-- SYNCED FROM BACKUP: roles


-- SYNCED FROM BACKUP: role_permissions


-- SYNCED FROM BACKUP: salary_configs


-- SYNCED FROM BACKUP: sale_orders


-- SYNCED FROM BACKUP: sale_order_histories


-- SYNCED FROM BACKUP: sale_order_items


-- SYNCED FROM BACKUP: shift_handovers


-- SYNCED FROM BACKUP: shift_swap_requests


-- SYNCED FROM BACKUP: stock_movements


-- SYNCED FROM BACKUP: suppliers


-- SYNCED FROM BACKUP: supplier_contracts


-- SYNCED FROM BACKUP: tax_rates


-- SYNCED FROM BACKUP: tickets


-- SYNCED FROM BACKUP: units


-- SYNCED FROM BACKUP: unit_conversions


-- SYNCED FROM BACKUP: users


-- SYNCED FROM BACKUP: user_credentials


-- SYNCED FROM BACKUP: variant_attributes


-- SYNCED FROM BACKUP: variant_prices


-- SYNCED FROM BACKUP: work_shifts


-- SYNCED FROM BACKUP: work_shift_assignments

